name	query	username
Russland	RUSSIA	admin
Russland	Russe	admin
Russland	Russia	admin
Russland	Russian	admin
Russland	Russians	admin
Russland	Russin	admin
Russland	Russische	admin
Russland	Russland	admin
Russland	Russländer	admin
Russland	russ\.	admin
Russland	russia	admin
Russland	russisch	admin
Russland	russischsprachig	admin
Russland	russländer	admin
Russland	russländischer	admin
NATO	NATO	admin
NATO	Nato	admin
Russische Führung	Dmitri Medwedew	admin
Russische Führung	Lawrow	admin
Russische Führung	Medwedew	admin
Russische Führung	Peskow	admin
Russische Führung	Putin	admin
Russische Führung	Sergej Lawrow	admin
Russische Führung	Vladimir Putin	admin
Russische Führung	Wladimir Putin	admin
Russische Führung	Wladimir Wladimirowitsch Putin	admin
Russische Führung	beschießen	admin
Russische Führung	bombardieren	admin
Angriff	Aggression	admin
Angriff	Angriff	admin
Angriff	Angriffskrieg	admin
Angriff	Invasion	admin
Angriff	Offensive	admin
Waffen	Panzer	admin
Waffen	Rakete	admin
Waffen	Waffe	admin
Pipelines	Nord Stream	admin
Pipelines	Nord Stream 1	admin
Pipelines	Nord Stream 2	admin
Pipelines	Pipeline	admin
Der Westen	Westen	admin
Der Westen	westlich	admin
USA	Amerikaner	admin
USA	Ami	admin
USA	USA	admin
Ostukraine	Donbass	admin
Ostukraine	Ostukraine	admin
Sonder- bzw. Spezialoperation	Armee	admin
Sonder- bzw. Spezialoperation	Luftlandetruppe	admin
Sonder- bzw. Spezialoperation	Luftwaffe	admin
Sonder- bzw. Spezialoperation	Militär	admin
Sonder- bzw. Spezialoperation	Soldat	admin
Sonder- bzw. Spezialoperation	Sonderoperation	admin
Sonder- bzw. Spezialoperation	Spezialoperation	admin
Sonder- bzw. Spezialoperation	Streitkraft	admin
Sonder- bzw. Spezialoperation	Truppe	admin
Ministerien	Außenministerium	admin
Ministerien	Verteidigungsministerium	admin
Ukraine	Ukraine	admin
Ukraine	Ukrainer	admin
Ukraine	ukrainisch	admin
(fossile) Rohstoffe	Erdgas	admin
(fossile) Rohstoffe	Gas	admin
(fossile) Rohstoffe	Rohstoff	admin
(fossile) Rohstoffe	Öl	admin
CDU/CSU	CDU	admin
CDU/CSU	CDU / CSU	admin
CDU/CSU	CDU / CSU-Fraktion	admin
CDU/CSU	CSU	admin
CDU/CSU	\[ CDU / CSU \]:?	admin
FDP	FDP	admin
FDP	F\. D\. P\.	admin
FDP	\[ F\. D\. P\. \]:?	admin
Reaktion	Beifall	admin
Reaktion	Heiterkeit	admin
Reaktion	Lache	admin
Kanzler	Bundeskanzler(in)?	admin
Kanzler	Kanzler(in)?	admin
gender	gender	admin
gender	gender-Problem	admin
gender	gender-Talk	admin
gender	gender-abolishion	admin
gender	gender-affirming	admin
gender	gender-balanced	admin
gender	gender-bend	admin
gender	gender-bender	admin
gender	gender-besessen	admin
gender	gender-bewusst	admin
gender	gender-blind	admin
gender	gender-fluid	admin
gender	gender-gaga	admin
gender	gender-gerecht	admin
gender	gender-geschädigt	admin
gender	gender-gewechselt	admin
gender	gender-identity	admin
gender	gender-ideologie	admin
gender	gender-konform	admin
gender	gender-korrekt	admin
gender	gender-kritisch	admin
gender	gender-lock	admin
gender	gender-neutral	admin
gender	gender-nonconforming	admin
gender	gender-nonkonform	admin
gender	gender-nonkonformität	admin
gender	gender-topic	admin
gender	gender-transformative	admin
gender	gender-unabhängig	admin
gender	gender@forumdialog\.org	admin
gender	gender\*in	admin
gender	genderal	admin
gender	genderama	admin
gender	genderation	admin
gender	genderbare	admin
gender	genderbares	admin
gender	genderbekloppt	admin
gender	genderbend	admin
gender	genderbender	admin
gender	genderbending	admin
gender	genderbends	admin
gender	genderbendy	admin
gender	genderbent	admin
gender	genderbestätigend	admin
gender	genderbezogen	admin
gender	genderbunt	admin
gender	genderbusiness	admin
gender	genderchange	admin
gender	genderdysphorischen	admin
gender	gendere	admin
gender	genderecht	admin
gender	gendered	admin
gender	genderegeln	admin
gender	genderen	admin
gender	genderenvy	admin
gender	genderer	admin
gender	gendererechte	admin
gender	genderest	admin
gender	gendereunseo	admin
gender	gendereunwoo	admin
gender	genderewo	admin
gender	genderfae	admin
gender	genderfaer	admin
gender	genderfair	admin
gender	genderfart	admin
gender	genderfeminist	admin
gender	genderfixiert	admin
gender	genderflip	admin
gender	genderfloid	admin
gender	genderflor	admin
gender	genderfloren	admin
gender	genderfluid	admin
gender	genderfluid-Tran	admin
gender	genderfluide	admin
gender	genderfluiden	admin
gender	genderfluider	admin
gender	genderfluides	admin
gender	genderfluidity	admin
gender	genderflux	admin
gender	genderforsch	admin
gender	genderforschend	admin
gender	genderfree	admin
gender	genderfrei	admin
gender	genderfreundlich	admin
gender	genderfuck	admin
gender	genderfuilf	admin
gender	gendergaga	admin
gender	gendergagagrünverschwurbelt	admin
gender	gendergaping	admin
gender	gendergas	admin
gender	gendergechtes	admin
gender	gendergemischt	admin
gender	gendergendergendergender	admin
gender	gendergendergendergendergender	admin
gender	gendergerecht	admin
gender	gendergerman	admin
gender	gendergeschädigt	admin
gender	gendergrechte	admin
gender	genderideologisch	admin
gender	genderifiziertes	admin
gender	gendering	admin
gender	genderinklusiv	admin
gender	genderinklusiver	admin
gender	genderinnen	admin
gender	genderisiert	admin
gender	genderisierte	admin
gender	genderistische	admin
gender	genderjustice	admin
gender	genderklo	admin
gender	genderklos	admin
gender	genderkonfessionell	admin
gender	genderkonform	admin
gender	genderkorrekt	admin
gender	genderkqwark	admin
gender	genderkram	admin
gender	genderkritisch	admin
gender	genderkult	admin
gender	genderless	admin
gender	genderless’	admin
gender	genderlfuid	admin
gender	genderln	admin
gender	genderloin	admin
gender	genderlos	admin
gender	genderlose	admin
gender	genderman	admin
gender	gendermann	admin
gender	gendermarker	admin
gender	gendermen	admin
gender	gendermoralistisch	admin
gender	gendermässig	admin
gender	gendermäßig	admin
gender	gendern	admin
gender	gendern\*innen	admin
gender	gendernd	admin
gender	gendernde	admin
gender	gendernden	admin
gender	gendernder	admin
gender	genderndes	admin
gender	genderneuteal	admin
gender	genderneutral	admin
gender	genderneutralen	admin
gender	genderneutrales	admin
gender	genderneuttale	admin
gender	gendernn	admin
gender	gendernormativ	admin
gender	gendernr	admin
gender	genderoso	admin
gender	genderpolitisch	admin
gender	genderpunk	admin
gender	genderqueer	admin
gender	genderqueere	admin
gender	genderqueeren	admin
gender	genderqueerer	admin
gender	genderqueerfluid	admin
gender	genderradikalisiert	admin
gender	genderraten	admin
gender	genderrevanchistisch	admin
gender	genderrichtig	admin
gender	genderrrr	admin
gender	genders	admin
gender	genderscheiß	admin
gender	gendersea	admin
gender	gendersensibel	admin
gender	gendershaming	admin
gender	genderspezifisch	admin
gender	genderst	admin
gender	genderstealer	admin
gender	genderstereotyp	admin
gender	genderstern	admin
gender	gendersternchen	admin
gender	gendersternchenquatschgaga	admin
gender	gendersternchenvorfreudeindievirtuelleluftschmeiss	admin
gender	genderstudies	admin
gender	genderstudy	admin
gender	genderswap	admin
gender	genderswapped	admin
gender	gendersylph	admin
gender	gendert	admin
gender	genderte	admin
gender	gendertechnisch	admin
gender	gendertest	admin
gender	gendertheoretisch	admin
gender	gendertrio	admin
gender	genderuld	admin
gender	genderunsensibel	admin
gender	genderuwo	admin
gender	genderverbot	admin
gender	genderversessen	admin
gender	genderverseucht	admin
gender	genderverwirrt	admin
gender	genderverwurstelt	admin
gender	gendervoid	admin
gender	genderwahn	admin
gender	genderwahnsinnige	admin
gender	genderwang	admin
gender	genderweird	admin
gender	genderwillig	admin
gender	genderwissenschaftlich	admin
gender	genderwo	admin
gender	genderwütigstens	admin
gender	genderx	admin
gender	genderys	admin
gender	genderzeugs	admin
gender	genderzwang	admin
gender	gender’	admin
Begriff_Bezeichnung_Schreibweise_Sprache_Text	Begriff	admin
Begriff_Bezeichnung_Schreibweise_Sprache_Text	Bezeichnung	admin
Begriff_Bezeichnung_Schreibweise_Sprache_Text	Schreibweise	admin
Begriff_Bezeichnung_Schreibweise_Sprache_Text	Sprache	admin
Begriff_Bezeichnung_Schreibweise_Sprache_Text	Text	admin
Kokumin		Tamara
Kokumin	国民	Tamara
Hannihci	反日	Tamara
Bundestag	Bundestag	Tamara
Bundestag	Partei	Tamara
Volk	Volk	Tamara
Volk	Volks	Tamara
Volk	völkisch	Tamara
Baikoku	Merkel	Tamara
Baikoku	国賊	Tamara
Baikoku	売国	Tamara
Baikoku	売国奴	Tamara
Bundestag	Bundestag	Tamara
Migration	Arbeitsmigrant	admin
Migration	Arbeitsmigrantin	admin
Migration	Arbeitsmigration	admin
Migration	Armutsflüchtling	admin
Migration	Armutsmigrant	admin
Migration	Armutsmigration	admin
Migration	Ausflucht	admin
Migration	Binnenflüchtling	admin
Migration	Binnenmigration	admin
Migration	Bundesfluchtsteuer	admin
Migration	Bürgerkriegsflüchtling	admin
Migration	Emigrant	admin
Migration	Emigration	admin
Migration	Erwerbsmigration	admin
Migration	Fahrerflucht	admin
Migration	Fantasieflüchtling	admin
Migration	Flüchtlingsmigration	admin
Migration	Geflüchtetenlager	admin
Migration	Geflüchtetenpolitik	admin
Migration	Hauptasylherkunftsstaat	admin
Migration	Immigrantenverband	admin
Migration	Immigration	admin
Migration	Immigrationsangebot	admin
Migration	Immigrationskosten	admin
Migration	Jugendmigrationsdienst	admin
Migration	Kirchenasyl	admin
Migration	Klimaflüchtling	admin
Migration	Kriegsflüchtling	admin
Migration	Landflucht	admin
Migration	Massenflucht	admin
Migration	Massenmigration	admin
Migration	Nebenmigrationspolitik	admin
Migration	Nichtmigrant	admin
Migration	Pseudoflüchtling	admin
Migration	Republikflüchtling	admin
Migration	Scheinflüchtling	admin
Migration	Seenotflüchtling	admin
Migration	Sekundärmigration	admin
Migration	Standortflucht	admin
Migration	Steuerflucht	admin
Migration	Steuerflüchtige	admin
Migration	Steuerflüchtling	admin
Migration	Streichholzmigration	admin
Migration	Tarifflucht	admin
Migration	Verflüchtigung	admin
Migration	Wirtschaftsflüchtling	admin
Migration	Wirtschaftsmigrant	admin
Migration	Wirtschaftsmigration	admin
Migration	Zuflucht	admin
Migration	Zufluchtsort	admin
Migration	Zufluchtsstätte	admin
Migration	Zwangsmigration	admin
Migration	asylberechtigt	admin
Migration	asylpolitisch	admin
Migration	asylrechtlich	admin
Migration	asylrechtswidrig	admin
Migration	asylrelevant	admin
Migration	asylsuchend	admin
Migration	fluchtartig	admin
Migration	flüchten	admin
Migration	flüchtig	admin
Migration	flüchtlingsbezogen	admin
Migration	flüchtlingsfeindlich	admin
Migration	flüchtlingspolitisch	admin
Migration	geflüchtet	admin
Migration	https://jungefreiheit\.de/politik/deutschland/2020/asyl-ablehnungen-falsch/	admin
Migration	https://nzz\.ch/schweiz/im-streit-um-die-migration-steht-die-schweiz-zwischen-den-fronten-ld\.1629526	admin
Migration	migrant	admin
Migration	migrantisch	admin
Migration	migrationsbedingt	admin
Migration	migrationsfähig	admin
Migration	migrationsgeschuldet	admin
Migration	migrationspolitisch	admin
Migration	nichtmigrantisch	admin
Migration	postmigrantisch	admin
Migration	verflüchtigen	admin
Migration	www\.bild\.de/politik/inland/politik-inland/asylzuwanderer-haeufig-tatverdaechtig-bka-bericht-loest-debatte-um-abschiebungen-73474042\.bild\.html	admin
Migration	www\.bmz\.de/de/themen/migration/entwicklungspolitik/index\.html	admin
Migration	www\.br\.de/nachrichten/deutschland-welt/minister-mueller-deutschland-sollte-2-000-migranten-aufnehmen,SA6xWJ8	admin
Migration	www\.flucht-und-ausreise\.info	admin
Migration	www\.infomigrants\.net/en/post/28209/senegal-at-least-140-perish-in-deadliest-shipwreck-of-the-year	admin
Migration	www\.merkur\.de/politik/tuerkei-griechenland-syrien-fluechtlinge-erdogan-merkel-migranten-vidaos-asyl-eu-grenze-news-merz-zr-13566876\.html	admin
Migration	www\.tagesschau\.de/ausland/kanaren-migration-101\.html	admin
Migration	zurückgeflüchtet	admin
Migration	-8-Asylherkunftsland	admin
Migration	Arbeitsmigrant	admin
Migration	Arbeitsmigrantin	admin
Migration	Arbeitsmigration	admin
Migration	Armutsflüchtling	admin
Migration	Armutsmigrant	admin
Migration	Armutsmigration	admin
Migration	Asyl	admin
Migration	AsylG	admin
Migration	Asylagentur	admin
Migration	Asylangebot	admin
Migration	Asylanspruch	admin
Migration	Asylant	admin
Migration	Asylantrag	admin
Migration	Asylantragsteller	admin
Migration	Asylantragsverfahren	admin
Migration	Asylartikel	admin
Migration	Asylbeamte	admin
Migration	Asylbedingung	admin
Migration	Asylbedürftige	admin
Migration	Asylbegehren	admin
Migration	Asylbehaupter	admin
Migration	Asylbehörde	admin
Migration	Asylberechtigte	admin
Migration	Asylbescheid	admin
Migration	Asylbetrug	admin
Migration	Asylbewerber	admin
Migration	Asylbewerbereinrichtung	admin
Migration	Asylbewerberheim	admin
Migration	Asylbewerberinne	admin
Migration	Asylbewerberleistung	admin
Migration	Asylbewerberleistungsgesetz	admin
Migration	Asylbewerberunterkunft	admin
Migration	Asylbewerberzahl	admin
Migration	Asylbüro	admin
Migration	Asylchaos	admin
Migration	Asyldokument	admin
Migration	Asylentscheider	admin
Migration	Asylentscheidung	admin
Migration	Asylerstantrag	admin
Migration	Asylerstantragsteller	admin
Migration	Asylfall	admin
Migration	Asylfolgeantrag	admin
Migration	Asylfond	admin
Migration	Asylforderer	admin
Migration	Asylfrage	admin
Migration	Asylgesetz	admin
Migration	Asylgrund	admin
Migration	Asylheim	admin
Migration	Asylherkunftsland	admin
Migration	Asylindustrie	admin
Migration	Asylkammer	admin
Migration	Asylkarawane	admin
Migration	Asylklagewelle	admin
Migration	Asylkrise	admin
Migration	Asyllagebericht	admin
Migration	Asylmanagement	admin
Migration	Asylmissbrauch	admin
Migration	Asylpaket	admin
Migration	Asylpakt	admin
Migration	Asylpolitik	admin
Migration	Asylproblematik	admin
Migration	Asylprüfung	admin
Migration	Asylprüfungsverfahren	admin
Migration	Asylrecht	admin
Migration	Asylrechtsmissbrauch	admin
Migration	Asylreform	admin
Migration	Asylregime	admin
Migration	Asylrücklage	admin
Migration	Asylsolo	admin
Migration	Asylsuchend	admin
Migration	Asylsuchende	admin
Migration	Asylsucher	admin
Migration	Asylsystem	admin
Migration	Asyltourismus	admin
Migration	Asyltäuscher	admin
Migration	Asylunterkunft	admin
Migration	Asylunterstützungsbüro	admin
Migration	Asylverfahren	admin
Migration	Asylverfahrenstatistik	admin
Migration	Asylverfahrensverordnung	admin
Migration	Asylverschärfung	admin
Migration	Asylzahl	admin
Migration	Asylzentrum	admin
Migration	Asylzuwanderer	admin
Migration	Asylzuzug	admin
Migration	Ausflucht	admin
Migration	Binnenflüchtling	admin
Migration	Binnenmigration	admin
Migration	Bundesfluchtsteuer	admin
Migration	Bürgerkriegsflüchtling	admin
Migration	DaMigra	admin
Migration	Emigrant	admin
Migration	Emigration	admin
Migration	Erwerbsmigration	admin
Migration	Fahrerflucht	admin
Migration	Fantasieflüchtling	admin
Migration	Flucht	admin
Migration	Fluchtalternative	admin
Migration	Fluchtbewegung	admin
Migration	Fluchtbiografie	admin
Migration	Fluchterfahrung	admin
Migration	Fluchtgefahr	admin
Migration	Fluchtgrund	admin
Migration	Fluchthelfer	admin
Migration	Fluchthilfe	admin
Migration	Fluchthintergrund	admin
Migration	Fluchtkontext	admin
Migration	Fluchtort	admin
Migration	Fluchtroute	admin
Migration	Fluchtursache	admin
Migration	Fluchtursachenbekämpfung	admin
Migration	Fluchtverhalten	admin
Migration	Fluchtweg	admin
Migration	Fluchtwegeplanung	admin
Migration	Flüchtende	admin
Migration	Flüchtling	admin
Migration	Flüchtlingsabkommen	admin
Migration	Flüchtlingsabwehr	admin
Migration	Flüchtlingsarbeit	admin
Migration	Flüchtlingsaufnahme	admin
Migration	Flüchtlingsbewegung	admin
Migration	Flüchtlingsbezug	admin
Migration	Flüchtlingsboot	admin
Migration	Flüchtlingscamp	admin
Migration	Flüchtlingsdeal	admin
Migration	Flüchtlingsdrama	admin
Migration	Flüchtlingsfeindlichkeit	admin
Migration	Flüchtlingsforum	admin
Migration	Flüchtlingsfrage	admin
Migration	Flüchtlingsgespräch	admin
Migration	Flüchtlingshasser	admin
Migration	Flüchtlingsheim	admin
Migration	Flüchtlingshelfer	admin
Migration	Flüchtlingshilfe	admin
Migration	Flüchtlingshilfswerk	admin
Migration	Flüchtlingshort	admin
Migration	Flüchtlingshotspot	admin
Migration	Flüchtlingsinitiative	admin
Migration	Flüchtlingsintegration	admin
Migration	Flüchtlingskatastrophe	admin
Migration	Flüchtlingskind	admin
Migration	Flüchtlingskommissar	admin
Migration	Flüchtlingskontext	admin
Migration	Flüchtlingskontingent	admin
Migration	Flüchtlingskonvention	admin
Migration	Flüchtlingskosten	admin
Migration	Flüchtlingskostenbericht	admin
Migration	Flüchtlingskrise	admin
Migration	Flüchtlingskrisenterminator	admin
Migration	Flüchtlingslage	admin
Migration	Flüchtlingslager	admin
Migration	Flüchtlingsmigration	admin
Migration	Flüchtlingsorganisation	admin
Migration	Flüchtlingspakt	admin
Migration	Flüchtlingspolitik	admin
Migration	Flüchtlingsproblematik	admin
Migration	Flüchtlingsregion	admin
Migration	Flüchtlingsreserve	admin
Migration	Flüchtlingsschicksal	admin
Migration	Flüchtlingsschiff	admin
Migration	Flüchtlingsschutz	admin
Migration	Flüchtlingsschutzsymposium	admin
Migration	Flüchtlingssituation	admin
Migration	Flüchtlingsstrom	admin
Migration	Flüchtlingsthema	admin
Migration	Flüchtlingsthematik	admin
Migration	Flüchtlingstreck	admin
Migration	Flüchtlingsunterkunft	admin
Migration	Flüchtlingsverteilung	admin
Migration	Flüchtlingswelle	admin
Migration	Flüchtlingszahl	admin
Migration	Flüchtlingszentrum	admin
Migration	Geflüchtetenlager	admin
Migration	Geflüchtetenpolitik	admin
Migration	Hauptasylherkunftsstaat	admin
Migration	Immigrantenverband	admin
Migration	Immigration	admin
Migration	Immigrationsangebot	admin
Migration	Immigrationskosten	admin
Migration	Jugendmigrationsdienst	admin
Migration	Kirchenasyl	admin
Migration	Klimaflüchtling	admin
Migration	Kriegsflüchtling	admin
Migration	Landflucht	admin
Migration	Massenflucht	admin
Migration	Massenmigration	admin
Migration	Migrant	admin
Migration	Migrantengeschehen	admin
Migration	Migrantengruppe	admin
Migration	Migranteninnen	admin
Migration	Migrantenkind	admin
Migration	Migrantenorganisation	admin
Migration	Migrantenquote	admin
Migration	Migrantenschiff	admin
Migration	Migrantenschmuggel	admin
Migration	Migrantenselbstorganisation	admin
Migration	Migrantenstraftat	admin
Migration	Migrantenstrom	admin
Migration	Migrantentanzgruppe	admin
Migration	Migrantenverband	admin
Migration	Migrantenversorgungspflicht	admin
Migration	Migrantenwelle	admin
Migration	Migrantifa	admin
Migration	Migrantin	admin
Migration	Migration	admin
Migration	Migrations	admin
Migration	Migrationsabkommen	admin
Migration	Migrationsabwehr	admin
Migration	Migrationsagenda	admin
Migration	Migrationsanteil	admin
Migration	Migrationsbeauftragte	admin
Migration	Migrationsbekämpfung	admin
Migration	Migrationsbericht	admin
Migration	Migrationsbewegung	admin
Migration	Migrationsbiografie	admin
Migration	Migrationsdebatte	admin
Migration	Migrationsdesaster	admin
Migration	Migrationsdruck	admin
Migration	Migrationsdynamik	admin
Migration	Migrationserfolg	admin
Migration	Migrationsexperte	admin
Migration	Migrationsflut	admin
Migration	Migrationsfolgekosten	admin
Migration	Migrationsform	admin
Migration	Migrationsforscher	admin
Migration	Migrationsforscherin	admin
Migration	Migrationsforschung	admin
Migration	Migrationsfrage	admin
Migration	Migrationsgeschehen	admin
Migration	Migrationsgeschichte	admin
Migration	Migrationsgesellschaft	admin
Migration	Migrationsgesetzgebung	admin
Migration	Migrationshelfer	admin
Migration	Migrationsherausforderung	admin
Migration	Migrationshilfe	admin
Migration	Migrationshintergrund	admin
Migration	Migrationshintergründler	admin
Migration	Migrationsjugendselbstorganisation	admin
Migration	Migrationskatastrophe	admin
Migration	Migrationskontrolle	admin
Migration	Migrationskonzept	admin
Migration	Migrationskosten	admin
Migration	Migrationskrise	admin
Migration	Migrationslage	admin
Migration	Migrationslobbyist	admin
Migration	Migrationsmanagement	admin
Migration	Migrationsministerium	admin
Migration	Migrationspaket	admin
Migration	Migrationspakt	admin
Migration	Migrationspartnerschaft	admin
Migration	Migrationspolitik	admin
Migration	Migrationsproblematik	admin
Migration	Migrationsrecht	admin
Migration	Migrationsroute	admin
Migration	Migrationsschleuse	admin
Migration	Migrationsstatistik	admin
Migration	Migrationsstatus	admin
Migration	Migrationssteuerung	admin
Migration	Migrationsstrom	admin
Migration	Migrationssturm	admin
Migration	Migrationssystem	admin
Migration	Migrationsthema	admin
Migration	Migrationstrip	admin
Migration	Migrationsweg	admin
Migration	Migrationswelle	admin
Migration	Migrationszusammenarbeit	admin
Migration	Nebenmigrationspolitik	admin
Migration	Nichtmigrant	admin
Migration	Pseudoflüchtling	admin
Migration	Republikflüchtling	admin
Migration	Scheinflüchtling	admin
Migration	Seenotflüchtling	admin
Migration	Sekundärmigration	admin
Migration	Standortflucht	admin
Migration	Steuerflucht	admin
Migration	Steuerflüchtige	admin
Migration	Steuerflüchtling	admin
Migration	Streichholzmigration	admin
Migration	Tarifflucht	admin
Migration	UN-Flüchtlingshilfe	admin
Migration	UN-Flüchtlingshilfswerk	admin
Migration	UN-Flüchtlingskommissariat	admin
Migration	UN-Flüchtlingsorganisation	admin
Migration	UN-Migrationsagentur	admin
Migration	UN-Migrationspakt	admin
Migration	Verflüchtigung	admin
Migration	Wirtschaftsflüchtling	admin
Migration	Wirtschaftsmigrant	admin
Migration	Wirtschaftsmigration	admin
Migration	Zuflucht	admin
Migration	Zufluchtsort	admin
Migration	Zufluchtsstätte	admin
Migration	Zwangsmigration	admin
Migration	asylberechtigt	admin
Migration	asylpolitisch	admin
Migration	asylrechtlich	admin
Migration	asylrechtswidrig	admin
Migration	asylrelevant	admin
Migration	asylsuchend	admin
Migration	fluchtartig	admin
Migration	flüchten	admin
Migration	flüchtig	admin
Migration	flüchtlingsbezogen	admin
Migration	flüchtlingsfeindlich	admin
Migration	flüchtlingspolitisch	admin
Migration	geflüchtet	admin
Migration	https://jungefreiheit\.de/politik/deutschland/2020/asyl-ablehnungen-falsch/	admin
Migration	https://nzz\.ch/schweiz/im-streit-um-die-migration-steht-die-schweiz-zwischen-den-fronten-ld\.1629526	admin
Migration	https://welt\.de/politik/deutschland/article231653907/Asyl-Zahl-der-Erstantraege-in-Deutschland-steigt-deutlich\.html	admin
Migration	migrant	admin
Migration	migrantisch	admin
Migration	migrationsbedingt	admin
Migration	migrationsfähig	admin
Migration	migrationsgeschuldet	admin
Migration	migrationspolitisch	admin
Migration	nichtmigrantisch	admin
Migration	postmigrantisch	admin
Migration	verflüchtigen	admin
Migration	www\.bild\.de/politik/inland/politik-inland/asylzuwanderer-haeufig-tatverdaechtig-bka-bericht-loest-debatte-um-abschiebungen-73474042\.bild\.html	admin
Migration	www\.bmz\.de/de/themen/migration/entwicklungspolitik/index\.html	admin
Migration	www\.br\.de/nachrichten/deutschland-welt/minister-mueller-deutschland-sollte-2-000-migranten-aufnehmen,SA6xWJ8	admin
Migration	www\.flucht-und-ausreise\.info	admin
Migration	www\.infomigrants\.net/en/post/28209/senegal-at-least-140-perish-in-deadliest-shipwreck-of-the-year	admin
Migration	www\.merkur\.de/politik/tuerkei-griechenland-syrien-fluechtlinge-erdogan-merkel-migranten-vidaos-asyl-eu-grenze-news-merz-zr-13566876\.html	admin
Migration	www\.tagesschau\.de/ausland/kanaren-migration-101\.html	admin
Migration	www\.welt\.de/politik/ausland/article178184444/Abgewiesene-Migranten-Sie-haben-uns-in-die-Wueste-geworfen-ohne-Telefone-ohne-Geld\.html	admin
Migration	zurückgeflüchtet	admin
Aufnahme_aufnehmen	Aufnahme	admin
Aufnahme_aufnehmen	aufnehmen	admin
Migration	Migration	Tamara
Test		UNKNOWN
Test	Test	UNKNOWN
Russland		UNKNOWN
Russland	Russland	UNKNOWN
Blödsinn	Blödsinn	Tamara
Mehrheit_blöd_dumm_verblödet_verdummt	Mehrheit	Tamara
Mehrheit_blöd_dumm_verblödet_verdummt	blöd	Tamara
Mehrheit_blöd_dumm_verblödet_verdummt	dumm	Tamara
Mehrheit_blöd_dumm_verblödet_verdummt	verblödet	Tamara
Mehrheit_blöd_dumm_verblödet_verdummt	verdummt	Tamara
Hochverrat_Verrat_Verräter	Hochverrat	Tamara
Hochverrat_Verrat_Verräter	Verrat	Tamara
Hochverrat_Verrat_Verräter	Verräter	Tamara
korrupt_niederträchtig	korrupt	Tamara
korrupt_niederträchtig	niederträchtig	Tamara
Wohl_Wohlergehen	Wohl	Tamara
Wohl_Wohlergehen	Wohlergehen	Tamara
#ArmeniaGenocide_Auslöschung_Genozid_Hochverrat_Vernichtung_Vernichtungskrieg_Völkermord_genozidal	#ArmeniaGenocide	Tamara
#ArmeniaGenocide_Auslöschung_Genozid_Hochverrat_Vernichtung_Vernichtungskrieg_Völkermord_genozidal	Auslöschung	Tamara
#ArmeniaGenocide_Auslöschung_Genozid_Hochverrat_Vernichtung_Vernichtungskrieg_Völkermord_genozidal	Genozid	Tamara
#ArmeniaGenocide_Auslöschung_Genozid_Hochverrat_Vernichtung_Vernichtungskrieg_Völkermord_genozidal	Hochverrat	Tamara
#ArmeniaGenocide_Auslöschung_Genozid_Hochverrat_Vernichtung_Vernichtungskrieg_Völkermord_genozidal	Vernichtung	Tamara
#ArmeniaGenocide_Auslöschung_Genozid_Hochverrat_Vernichtung_Vernichtungskrieg_Völkermord_genozidal	Vernichtungskrieg	Tamara
#ArmeniaGenocide_Auslöschung_Genozid_Hochverrat_Vernichtung_Vernichtungskrieg_Völkermord_genozidal	Völkermord	Tamara
#ArmeniaGenocide_Auslöschung_Genozid_Hochverrat_Vernichtung_Vernichtungskrieg_Völkermord_genozidal	genozidal	Tamara
Herrschaft_Herrscher_König_Präsident	Herrschaft	Tamara
Herrschaft_Herrscher_König_Präsident	Herrscher	Tamara
Herrschaft_Herrscher_König_Präsident	König	Tamara
Herrschaft_Herrscher_König_Präsident	Präsident	Tamara
Souverän_souverän	Souverän	Tamara
Souverän_souverän	souverän	Tamara
Sinto_afghanisch_armenisch_deutsch_germanisch_jemenitisch_jüdisch_kasachisch_kurdisch_palästinensisch_syrisch	Sinto	Tamara
Sinto_afghanisch_armenisch_deutsch_germanisch_jemenitisch_jüdisch_kasachisch_kurdisch_palästinensisch_syrisch	afghanisch	Tamara
Sinto_afghanisch_armenisch_deutsch_germanisch_jemenitisch_jüdisch_kasachisch_kurdisch_palästinensisch_syrisch	armenisch	Tamara
Sinto_afghanisch_armenisch_deutsch_germanisch_jemenitisch_jüdisch_kasachisch_kurdisch_palästinensisch_syrisch	deutsch	Tamara
Sinto_afghanisch_armenisch_deutsch_germanisch_jemenitisch_jüdisch_kasachisch_kurdisch_palästinensisch_syrisch	germanisch	Tamara
Sinto_afghanisch_armenisch_deutsch_germanisch_jemenitisch_jüdisch_kasachisch_kurdisch_palästinensisch_syrisch	jemenitisch	Tamara
Sinto_afghanisch_armenisch_deutsch_germanisch_jemenitisch_jüdisch_kasachisch_kurdisch_palästinensisch_syrisch	jüdisch	Tamara
Sinto_afghanisch_armenisch_deutsch_germanisch_jemenitisch_jüdisch_kasachisch_kurdisch_palästinensisch_syrisch	kasachisch	Tamara
Sinto_afghanisch_armenisch_deutsch_germanisch_jemenitisch_jüdisch_kasachisch_kurdisch_palästinensisch_syrisch	kurdisch	Tamara
Sinto_afghanisch_armenisch_deutsch_germanisch_jemenitisch_jüdisch_kasachisch_kurdisch_palästinensisch_syrisch	palästinensisch	Tamara
Sinto_afghanisch_armenisch_deutsch_germanisch_jemenitisch_jüdisch_kasachisch_kurdisch_palästinensisch_syrisch	syrisch	Tamara
aufwiegeln_verhetzen	aufwiegeln	Tamara
aufwiegeln_verhetzen	verhetzen	Tamara
Demokratie_demokratisch	Demokratie	Tamara
Demokratie_demokratisch	demokratisch	Tamara
Krieg_Kriegserklärung	Krieg	Tamara
Krieg_Kriegserklärung	Kriegserklärung	Tamara
Mehrheit_mehrheitlich	Mehrheit	Tamara
Mehrheit_mehrheitlich	mehrheitlich	Tamara
Abstimmung_Wahl_gewählt_wählen_wählend	Abstimmung	Tamara
Abstimmung_Wahl_gewählt_wählen_wählend	Wahl	Tamara
Abstimmung_Wahl_gewählt_wählen_wählend	gewählt	Tamara
Abstimmung_Wahl_gewählt_wählen_wählend	wählen	Tamara
Abstimmung_Wahl_gewählt_wählen_wählend	wählend	Tamara
Amtseid_Eid	Amtseid	Tamara
Amtseid_Eid	Eid	Tamara
売国_売国奴	売国	Tamara
売国_売国奴	売国奴	Tamara
北朝鮮_朝鮮_韓国_韓国人	北朝鮮	Tamara
北朝鮮_朝鮮_韓国_韓国人	朝鮮	Tamara
北朝鮮_朝鮮_韓国_韓国人	韓国	Tamara
北朝鮮_朝鮮_韓国_韓国人	韓国人	Tamara
新聞_朝日	新聞	Tamara
新聞_朝日	朝日	Tamara
政府_政権	政府	Tamara
政府_政権	政権	Tamara
ニッポン_日本	ニッポン	Tamara
ニッポン_日本	日本	Tamara
在日_在日韓国人	在日	Tamara
在日_在日韓国人	在日韓国人	Tamara
マスコミ_マスゴミ	マスコミ	Tamara
マスコミ_マスゴミ	マスゴミ	Tamara
パヨク_左翼_極左	パヨク	Tamara
パヨク_左翼_極左	左翼	Tamara
パヨク_左翼_極左	極左	Tamara
中国_中国人_媚中	中国	Tamara
中国_中国人_媚中	中国人	Tamara
中国_中国人_媚中	媚中	Tamara
@Sankei_news_メディア_番組_記事	@Sankei_news	Tamara
@Sankei_news_メディア_番組_記事	メディア	Tamara
@Sankei_news_メディア_番組_記事	番組	Tamara
@Sankei_news_メディア_番組_記事	記事	Tamara
共産党_政党_政治家_自民党_野党	共産党	Tamara
共産党_政党_政治家_自民党_野党	政党	Tamara
共産党_政党_政治家_自民党_野党	政治家	Tamara
共産党_政党_政治家_自民党_野党	自民党	Tamara
共産党_政党_政治家_自民党_野党	野党	Tamara
Asyl	Asyl	admin
Asyl	AsylG	admin
Asyl	Asylagentur	admin
Asyl	Asylangebot	admin
Asyl	Asylanspruch	admin
Asyl	Asylant	admin
Asyl	Asylantrag	admin
Asyl	Asylantragsteller	admin
Asyl	Asylantragsverfahren	admin
Asyl	Asylartikel	admin
Asyl	Asylbeamte	admin
Asyl	Asylbedingung	admin
Asyl	Asylbedürftige	admin
Asyl	Asylbegehren	admin
Asyl	Asylbehaupter	admin
Asyl	Asylbehörde	admin
Asyl	Asylberechtigte	admin
Asyl	Asylbescheid	admin
Asyl	Asylbetrug	admin
Asyl	Asylbewerber	admin
Asyl	Asylbewerbereinrichtung	admin
Asyl	Asylbewerberheim	admin
Asyl	Asylbewerberinne	admin
Asyl	Asylbewerberleistung	admin
Asyl	Asylbewerberleistungsgesetz	admin
Asyl	Asylbewerberunterkunft	admin
Asyl	Asylbewerberzahl	admin
Asyl	Asylbüro	admin
Asyl	Asylchaos	admin
Asyl	Asyldokument	admin
Asyl	Asylentscheider	admin
Asyl	Asylentscheidung	admin
Asyl	Asylerstantrag	admin
Asyl	Asylerstantragsteller	admin
Asyl	Asylfall	admin
Asyl	Asylfolgeantrag	admin
Asyl	Asylfond	admin
Asyl	Asylforderer	admin
Asyl	Asylfrage	admin
Asyl	Asylgesetz	admin
Asyl	Asylgrund	admin
Asyl	Asylheim	admin
Asyl	Asylherkunftsland	admin
Asyl	Asylindustrie	admin
Asyl	Asylkammer	admin
Asyl	Asylkarawane	admin
Asyl	Asylklagewelle	admin
Asyl	Asylkrise	admin
Asyl	Asyllagebericht	admin
Asyl	Asylmanagement	admin
Asyl	Asylmissbrauch	admin
Asyl	Asylpaket	admin
Asyl	Asylpakt	admin
Asyl	Asylpolitik	admin
Asyl	Asylproblematik	admin
Asyl	Asylprüfung	admin
Asyl	Asylprüfungsverfahren	admin
Asyl	Asylrecht	admin
Asyl	Asylrechtsmissbrauch	admin
Asyl	Asylreform	admin
Asyl	Asylregime	admin
Asyl	Asylrücklage	admin
Asyl	Asylsolo	admin
Asyl	Asylsuchend	admin
Asyl	Asylsuchende	admin
Asyl	Asylsucher	admin
Asyl	Asylsystem	admin
Asyl	Asyltourismus	admin
Asyl	Asyltäuscher	admin
Asyl	Asylunterkunft	admin
Asyl	Asylunterstützungsbüro	admin
Asyl	Asylverfahren	admin
Asyl	Asylverfahrenstatistik	admin
Asyl	Asylverfahrensverordnung	admin
Asyl	Asylverschärfung	admin
Asyl	Asylzahl	admin
Asyl	Asylzentrum	admin
Asyl	Asylzuwanderer	admin
Asyl	Asylzuzug	admin
Asyl	Hauptasylherkunftsstaat	admin
Asyl	Kirchenasyl	admin
Asyl	asylberechtigt	admin
Asyl	asylpolitisch	admin
Asyl	asylrechtlich	admin
Asyl	asylrechtswidrig	admin
Asyl	asylrelevant	admin
Asyl	asylsuchend	admin
Asyl	https://jungefreiheit\.de/politik/deutschland/2020/asyl-ablehnungen-falsch/	admin
Asyl	www\.bild\.de/politik/inland/politik-inland/asylzuwanderer-haeufig-tatverdaechtig-bka-bericht-loest-debatte-um-abschiebungen-73474042\.bild\.html	admin
Asyl	www\.merkur\.de/politik/tuerkei-griechenland-syrien-fluechtlinge-erdogan-merkel-migranten-vidaos-asyl-eu-grenze-news-merz-zr-13566876\.html	admin
売国	#国賊	Tamara
売国	#売国	Tamara
売国	#売国奴	Tamara
売国	国賊	Tamara
売国	売国	Tamara
売国	売国奴	Tamara
嘘つき_大嘘	嘘つき	Tamara
嘘つき_大嘘	大嘘	Tamara
政権_自民党_議員_首相	政権	Tamara
政権_自民党_議員_首相	自民党	Tamara
政権_自民党_議員_首相	議員	Tamara
政権_自民党_議員_首相	首相	Tamara
媚中	媚中	Tamara
Volk	Volk	Tamara
Volk	völkisch	Tamara
Vertreter_Vertretung	Vertreter	Tamara
Vertreter_Vertretung	Vertretung	Tamara
Birgit_Daniel_Dr\._Holger_Krestel_Raiffeisenbank_Reinemund_Sparkasse	Birgit	Tamara
Birgit_Daniel_Dr\._Holger_Krestel_Raiffeisenbank_Reinemund_Sparkasse	Daniel	Tamara
Birgit_Daniel_Dr\._Holger_Krestel_Raiffeisenbank_Reinemund_Sparkasse	Dr\.	Tamara
Birgit_Daniel_Dr\._Holger_Krestel_Raiffeisenbank_Reinemund_Sparkasse	Holger	Tamara
Birgit_Daniel_Dr\._Holger_Krestel_Raiffeisenbank_Reinemund_Sparkasse	Krestel	Tamara
Birgit_Daniel_Dr\._Holger_Krestel_Raiffeisenbank_Reinemund_Sparkasse	Raiffeisenbank	Tamara
Birgit_Daniel_Dr\._Holger_Krestel_Raiffeisenbank_Reinemund_Sparkasse	Reinemund	Tamara
Birgit_Daniel_Dr\._Holger_Krestel_Raiffeisenbank_Reinemund_Sparkasse	Sparkasse	Tamara
gegen_gegenüber	gegen	Tamara
gegen_gegenüber	gegenüber	Tamara
Wille_Willensbildung	Wille	Tamara
Wille_Willensbildung	Willensbildung	Tamara
afghanisch_griechisch_syrisch_ukrainisch	afghanisch	Tamara
afghanisch_griechisch_syrisch_ukrainisch	griechisch	Tamara
afghanisch_griechisch_syrisch_ukrainisch	syrisch	Tamara
afghanisch_griechisch_syrisch_ukrainisch	ukrainisch	Tamara
Vertretung_Wahl_gewählt	Vertretung	Tamara
Vertretung_Wahl_gewählt	Wahl	Tamara
Vertretung_Wahl_gewählt	gewählt	Tamara
Nutzen_Schaden	Nutzen	Tamara
Nutzen_Schaden	Schaden	Tamara
eingeboren_indigen	eingeboren	Tamara
eingeboren_indigen	indigen	Tamara
belarussisch_griechisch_syrisch	belarussisch	Tamara
belarussisch_griechisch_syrisch	griechisch	Tamara
belarussisch_griechisch_syrisch	syrisch	Tamara
Wille_Willensbildung	Wille	Tamara
Wille_Willensbildung	Willensbildung	Tamara
Volk_völkisch	Volk	Tamara
Volk_völkisch	völkisch	Tamara
Elite_chinesisch_iranisch_jüdisch_palästinensisch_syrisch	Elite	Tamara
Elite_chinesisch_iranisch_jüdisch_palästinensisch_syrisch	chinesisch	Tamara
Elite_chinesisch_iranisch_jüdisch_palästinensisch_syrisch	iranisch	Tamara
Elite_chinesisch_iranisch_jüdisch_palästinensisch_syrisch	jüdisch	Tamara
Elite_chinesisch_iranisch_jüdisch_palästinensisch_syrisch	palästinensisch	Tamara
Elite_chinesisch_iranisch_jüdisch_palästinensisch_syrisch	syrisch	Tamara
Auslöschung_auslöschen	Auslöschung	Tamara
Auslöschung_auslöschen	auslöschen	Tamara
Herrschaft_Herrscher_König_Souverän	Herrschaft	Tamara
Herrschaft_Herrscher_König_Souverän	Herrscher	Tamara
Herrschaft_Herrscher_König_Souverän	König	Tamara
Herrschaft_Herrscher_König_Souverän	Souverän	Tamara
abstimmen_entscheiden_gewählt_wählen	abstimmen	Tamara
abstimmen_entscheiden_gewählt_wählen	entscheiden	Tamara
abstimmen_entscheiden_gewählt_wählen	gewählt	Tamara
abstimmen_entscheiden_gewählt_wählen	wählen	Tamara
Raiffeisenbank_Studienstiftung	Raiffeisenbank	Tamara
Raiffeisenbank_Studienstiftung	Studienstiftung	Tamara
Raiffeisenbank_Sparkasse_Studienstiftung	Raiffeisenbank	Tamara
Raiffeisenbank_Sparkasse_Studienstiftung	Sparkasse	Tamara
Raiffeisenbank_Sparkasse_Studienstiftung	Studienstiftung	Tamara
Flügel_Höcke	Flügel	Tamara
Flügel_Höcke	Höcke	Tamara
Ukrainer_ukrainisch	Ukrainer	Tamara
Ukrainer_ukrainisch	ukrainisch	Tamara
afghanisch_chinesisch	afghanisch	Tamara
afghanisch_chinesisch	chinesisch	Tamara
Vertreter_Volksvertreter	Vertreter	Tamara
Vertreter_Volksvertreter	Volksvertreter	Tamara
Wohl_Wohlergehen	Wohl	Tamara
Wohl_Wohlergehen	Wohlergehen	Tamara
unterdrücken_unterdrückt	unterdrücken	Tamara
unterdrücken_unterdrückt	unterdrückt	Tamara
repräsentieren_vertreten	repräsentieren	Tamara
repräsentieren_vertreten	vertreten	Tamara
ITN_Slawi_Trifonow	ITN	Tamara
ITN_Slawi_Trifonow	Slawi	Tamara
ITN_Slawi_Trifonow	Trifonow	Tamara
unterdrücken_unterdrückt_unterjochen_unterjocht_unterworfen	unterdrücken	Tamara
unterdrücken_unterdrückt_unterjochen_unterjocht_unterworfen	unterdrückt	Tamara
unterdrücken_unterdrückt_unterjochen_unterjocht_unterworfen	unterjochen	Tamara
unterdrücken_unterdrückt_unterjochen_unterjocht_unterworfen	unterjocht	Tamara
unterdrücken_unterdrückt_unterjochen_unterjocht_unterworfen	unterworfen	Tamara
Genozid_auslöschen_ausrotten	Genozid	Tamara
Genozid_auslöschen_ausrotten	auslöschen	Tamara
Genozid_auslöschen_ausrotten	ausrotten	Tamara
Raiffeisenbank_Studienstiftung	Raiffeisenbank	Tamara
Raiffeisenbank_Studienstiftung	Studienstiftung	Tamara
katalanisch_krimtatarisch_obermieses_serbisch_slawisch_syrisch_ägyptisch	katalanisch	Tamara
katalanisch_krimtatarisch_obermieses_serbisch_slawisch_syrisch_ägyptisch	krimtatarisch	Tamara
katalanisch_krimtatarisch_obermieses_serbisch_slawisch_syrisch_ägyptisch	obermieses	Tamara
katalanisch_krimtatarisch_obermieses_serbisch_slawisch_syrisch_ägyptisch	serbisch	Tamara
katalanisch_krimtatarisch_obermieses_serbisch_slawisch_syrisch_ägyptisch	slawisch	Tamara
katalanisch_krimtatarisch_obermieses_serbisch_slawisch_syrisch_ägyptisch	syrisch	Tamara
katalanisch_krimtatarisch_obermieses_serbisch_slawisch_syrisch_ägyptisch	ägyptisch	Tamara
Herrschaft_Herrscher	Herrschaft	Tamara
Herrschaft_Herrscher	Herrscher	Tamara
Jude_jüdisch	Jude	Tamara
Jude_jüdisch	jüdisch	Tamara
BVR_Raiffeisenbank_Studienstiftung	BVR	Tamara
BVR_Raiffeisenbank_Studienstiftung	Raiffeisenbank	Tamara
BVR_Raiffeisenbank_Studienstiftung	Studienstiftung	Tamara
unterdrücken_unterdrückt	unterdrücken	Tamara
unterdrücken_unterdrückt	unterdrückt	Tamara
belarussisch_chinesisch_slawisch_ukrainisch	belarussisch	Tamara
belarussisch_chinesisch_slawisch_ukrainisch	chinesisch	Tamara
belarussisch_chinesisch_slawisch_ukrainisch	slawisch	Tamara
belarussisch_chinesisch_slawisch_ukrainisch	ukrainisch	Tamara
Herrschaft_Herrscher	Herrschaft	Tamara
Herrschaft_Herrscher	Herrscher	Tamara
Auslöschung_Vernichtung	Auslöschung	Tamara
Auslöschung_Vernichtung	Vernichtung	Tamara
Jinping_Xi	Jinping	Tamara
Jinping_Xi	Xi	Tamara
europäisch_jemenitisch_palästinensisch	europäisch	Tamara
europäisch_jemenitisch_palästinensisch	jemenitisch	Tamara
europäisch_jemenitisch_palästinensisch	palästinensisch	Tamara
ausbluten_auspressen_massakrieren_niederknüppeln	ausbluten	Tamara
ausbluten_auspressen_massakrieren_niederknüppeln	auspressen	Tamara
ausbluten_auspressen_massakrieren_niederknüppeln	massakrieren	Tamara
ausbluten_auspressen_massakrieren_niederknüppeln	niederknüppeln	Tamara
knechten_unterdrücken_unterdrückt	knechten	Tamara
knechten_unterdrücken_unterdrückt	unterdrücken	Tamara
knechten_unterdrücken_unterdrückt	unterdrückt	Tamara
gegen_gegeneinander	gegen	Tamara
gegen_gegeneinander	gegeneinander	Tamara
gewählt_wählen	gewählt	Tamara
gewählt_wählen	wählen	Tamara
Hochverrat_Verrat_Verräter_Volksverräter_verraten	Hochverrat	Tamara
Hochverrat_Verrat_Verräter_Volksverräter_verraten	Verrat	Tamara
Hochverrat_Verrat_Verräter_Volksverräter_verraten	Verräter	Tamara
Hochverrat_Verrat_Verräter_Volksverräter_verraten	Volksverräter	Tamara
Hochverrat_Verrat_Verräter_Volksverräter_verraten	verraten	Tamara
Regierende_Volksvertreter	Regierende	Tamara
Regierende_Volksvertreter	Volksvertreter	Tamara
beschließen_entscheiden	beschließen	Tamara
beschließen_entscheiden	entscheiden	Tamara
#ArmeniaGenocide_genozidal	#ArmeniaGenocide	Tamara
#ArmeniaGenocide_genozidal	genozidal	Tamara
#egypt_#showyourshoestomubarak_Mubarak_Mubarak-Vize_ägyptisch	#egypt	Tamara
#egypt_#showyourshoestomubarak_Mubarak_Mubarak-Vize_ägyptisch	#showyourshoestomubarak	Tamara
#egypt_#showyourshoestomubarak_Mubarak_Mubarak-Vize_ägyptisch	Mubarak	Tamara
#egypt_#showyourshoestomubarak_Mubarak_Mubarak-Vize_ägyptisch	Mubarak-Vize	Tamara
#egypt_#showyourshoestomubarak_Mubarak_Mubarak-Vize_ägyptisch	ägyptisch	Tamara
Regierende_Regierung_regieren_regiert	Regierende	Tamara
Regierende_Regierung_regieren_regiert	Regierung	Tamara
Regierende_Regierung_regieren_regiert	regieren	Tamara
Regierende_Regierung_regieren_regiert	regiert	Tamara
eingeboren_indigen	eingeboren	Tamara
eingeboren_indigen	indigen	Tamara
	unser Volk	Tamara
Unser	unser Volk	Tamara
国民	われわれ	Tamara
国民	国民	Tamara
国民	庶民	Tamara
国民	日本人	Tamara
国民	民族	Tamara
EU-Sanktion_Sanktion_Strafmaßnahme	EU-Sanktion	admin
EU-Sanktion_Sanktion_Strafmaßnahme	Sanktion	admin
EU-Sanktion_Sanktion_Strafmaßnahme	Strafmaßnahme	admin
Präsident_Waffenstillstandsabkommen	Präsident	admin
Präsident_Waffenstillstandsabkommen	Waffenstillstandsabkommen	admin
Lawrow_Putin	Lawrow	admin
Lawrow_Putin	Putin	admin
Lawrow_Putin	Wladimir Putin	admin
test	Test	admin
主権_主権者	主権	Tamara
主権_主権者	主権者	Tamara
主権_主権者_負託	主権	Tamara
主権_主権者_負託	主権者	Tamara
主権_主権者_負託	負託	Tamara
拉致問題_拉致被害者	拉致問題	Tamara
拉致問題_拉致被害者	拉致被害者	Tamara
税_税金_血税	税	Tamara
税_税金_血税	税金	Tamara
税_税金_血税	血税	Tamara
主権_主権者	主権	Tamara
主権_主権者	主権者	Tamara
政治_政治家_知る権利	政治	Tamara
政治_政治家_知る権利	政治家	Tamara
政治_政治家_知る権利	知る権利	Tamara
民主党・無所属クラブ_視聴者	民主党・無所属クラブ	Tamara
民主党・無所属クラブ_視聴者	視聴者	Tamara
下級_劣等	下級	Tamara
下級_劣等	劣等	Tamara
Selbstbestimmungsrecht_Willensbildung	Selbstbestimmungsrecht	Tamara
Selbstbestimmungsrecht_Willensbildung	Willensbildung	Tamara
大多数_生活	大多数	Tamara
大多数_生活	生活	Tamara
Kokumin 1	国民	Tamara
命_幸福な生活_日常生活_暮らし_生命_生存_生活_身体	命	Tamara
命_幸福な生活_日常生活_暮らし_生命_生存_生活_身体	幸福な生活	Tamara
命_幸福な生活_日常生活_暮らし_生命_生存_生活_身体	日常生活	Tamara
命_幸福な生活_日常生活_暮らし_生命_生存_生活_身体	暮らし	Tamara
命_幸福な生活_日常生活_暮らし_生命_生存_生活_身体	生命	Tamara
命_幸福な生活_日常生活_暮らし_生命_生存_生活_身体	生存	Tamara
命_幸福な生活_日常生活_暮らし_生命_生存_生活_身体	生活	Tamara
命_幸福な生活_日常生活_暮らし_生命_生存_生活_身体	身体	Tamara
税金	税金	Tamara
コンセンサス_支持_納得	コンセンサス	Tamara
コンセンサス_支持_納得	支持	Tamara
コンセンサス_支持_納得	納得	Tamara
不安感_安全_安心	不安感	Tamara
不安感_安全_安心	安全	Tamara
不安感_安全_安心	安心	Tamara
不信_信_信託_信頼_政治不信	不信	Tamara
不信_信_信託_信頼_政治不信	信	Tamara
不信_信_信託_信頼_政治不信	信託	Tamara
不信_信_信託_信頼_政治不信	信頼	Tamara
不信_信_信託_信頼_政治不信	政治不信	Tamara
所属政党_日本共産党_民主_民主党・無所属クラブ_無所属_社民_立憲_西岡秀子_高井	所属政党	Tamara
所属政党_日本共産党_民主_民主党・無所属クラブ_無所属_社民_立憲_西岡秀子_高井	日本共産党	Tamara
所属政党_日本共産党_民主_民主党・無所属クラブ_無所属_社民_立憲_西岡秀子_高井	民主	Tamara
所属政党_日本共産党_民主_民主党・無所属クラブ_無所属_社民_立憲_西岡秀子_高井	民主党・無所属クラブ	Tamara
所属政党_日本共産党_民主_民主党・無所属クラブ_無所属_社民_立憲_西岡秀子_高井	無所属	Tamara
所属政党_日本共産党_民主_民主党・無所属クラブ_無所属_社民_立憲_西岡秀子_高井	社民	Tamara
所属政党_日本共産党_民主_民主党・無所属クラブ_無所属_社民_立憲_西岡秀子_高井	立憲	Tamara
所属政党_日本共産党_民主_民主党・無所属クラブ_無所属_社民_立憲_西岡秀子_高井	西岡秀子	Tamara
所属政党_日本共産党_民主_民主党・無所属クラブ_無所属_社民_立憲_西岡秀子_高井	高井	Tamara
一人一人_人当たり_全員	一人一人	Tamara
一人一人_人当たり_全員	人当たり	Tamara
一人一人_人当たり_全員	全員	Tamara
守る_守れ_守れる	守る	Tamara
守る_守れ_守れる	守れ	Tamara
守る_守れ_守れる	守れる	Tamara
享受_受益	享受	Tamara
享受_受益	受益	Tamara
主権者_代弁者_代表	主権者	Tamara
主権者_代弁者_代表	代弁者	Tamara
主権者_代弁者_代表	代表	Tamara
あるいは_きちんと_一番_一般_及び_多大_本当	あるいは	Tamara
あるいは_きちんと_一番_一般_及び_多大_本当	きちんと	Tamara
あるいは_きちんと_一番_一般_及び_多大_本当	一番	Tamara
あるいは_きちんと_一番_一般_及び_多大_本当	一般	Tamara
あるいは_きちんと_一番_一般_及び_多大_本当	及び	Tamara
あるいは_きちんと_一番_一般_及び_多大_本当	多大	Tamara
あるいは_きちんと_一番_一般_及び_多大_本当	本当	Tamara
健康_健康づくり_健康リテラシー	健康	Tamara
健康_健康づくり_健康リテラシー	健康づくり	Tamara
健康_健康づくり_健康リテラシー	健康リテラシー	Tamara
我々_我が国	我々	Tamara
我々_我が国	我が国	Tamara
目線_視線	目線	Tamara
目線_視線	視線	Tamara
権利義務_裁判を受ける権利	権利義務	Tamara
権利義務_裁判を受ける権利	裁判を受ける権利	Tamara
だまし_欺い_欺き_欺く_裏切り_裏切る	だまし	Tamara
だまし_欺い_欺き_欺く_裏切り_裏切る	欺い	Tamara
だまし_欺い_欺き_欺く_裏切り_裏切る	欺き	Tamara
だまし_欺い_欺き_欺く_裏切り_裏切る	欺く	Tamara
だまし_欺い_欺き_欺く_裏切り_裏切る	裏切り	Tamara
だまし_欺い_欺き_欺く_裏切り_裏切る	裏切る	Tamara
負担_負担増	負担	Tamara
負担_負担増	負担増	Tamara
しなやか_不信_不信感_信_信頼_信頼回復_年金不信_政治不信	しなやか	Tamara
しなやか_不信_不信感_信_信頼_信頼回復_年金不信_政治不信	不信	Tamara
しなやか_不信_不信感_信_信頼_信頼回復_年金不信_政治不信	不信感	Tamara
しなやか_不信_不信感_信_信頼_信頼回復_年金不信_政治不信	信	Tamara
しなやか_不信_不信感_信_信頼_信頼回復_年金不信_政治不信	信頼	Tamara
しなやか_不信_不信感_信_信頼_信頼回復_年金不信_政治不信	信頼回復	Tamara
しなやか_不信_不信感_信_信頼_信頼回復_年金不信_政治不信	年金不信	Tamara
しなやか_不信_不信感_信_信頼_信頼回復_年金不信_政治不信	政治不信	Tamara
存立	存立	Tamara
信託_託し_負託	信託	Tamara
信託_託し_負託	託し	Tamara
信託_託し_負託	負託	Tamara
暮らし_生命_生活_背信	暮らし	Tamara
暮らし_生命_生活_背信	生命	Tamara
暮らし_生命_生活_背信	生活	Tamara
暮らし_生命_生活_背信	背信	Tamara
多く_多大_大増_大多数	多く	Tamara
多く_多大_大増_大多数	多大	Tamara
多く_多大_大増_大多数	大増	Tamara
多く_多大_大増_大多数	大多数	Tamara
平和的生存権_投票権_知る権利	平和的生存権	Tamara
平和的生存権_投票権_知る権利	投票権	Tamara
平和的生存権_投票権_知る権利	知る権利	Tamara
支持_納得	支持	Tamara
支持_納得	納得	Tamara
目線_視線	目線	Tamara
目線_視線	視線	Tamara
視聴料_視聴者	視聴料	Tamara
視聴料_視聴者	視聴者	Tamara
西岡 委員	西岡 委員	Tamara
Parteien	AfD	Flo
Parteien	CDU	Flo
Parteien	CSU	Flo
Parteien	Die Violetten	Flo
Parteien	FDP	Flo
Parteien	Grüne	Flo
Parteien	KPD	Flo
Parteien	Linke	Flo
Parteien	PDS	Flo
Parteien	Piraten	Flo
Parteien	Piratenpartei	Flo
Parteien	SPD	Flo
われら_我が国の存立_私たち	われら	Tamara
われら_我が国の存立_私たち	我が国の存立	Tamara
われら_我が国の存立_私たち	私たち	Tamara
主権_主権者	主権	Tamara
主権_主権者	主権者	Tamara
不安_安心	不安	Tamara
不安_安心	安心	Tamara
健康_健康寿命	健康	Tamara
健康_健康寿命	健康寿命	Tamara
フェミニズム	フェミニズム	Tamara
ラディカル_過激	ラディカル	Tamara
ラディカル_過激	過激	Tamara
Kindle版_信仰_単行本	Kindle版	Tamara
Kindle版_信仰_単行本	信仰	Tamara
Kindle版_信仰_単行本	単行本	Tamara
リベラル_新自由主義	リベラル	Tamara
リベラル_新自由主義	新自由主義	Tamara
女性_男性	女性	Tamara
女性_男性	男性	Tamara
名乗っ_名乗ら_名乗る	名乗っ	Tamara
名乗っ_名乗ら_名乗る	名乗ら	Tamara
名乗っ_名乗ら_名乗る	名乗る	Tamara
Kindle版_本	Kindle版	Tamara
Kindle版_本	本	Tamara
カル_ラディ_ラディカル	カル	Tamara
カル_ラディ_ラディカル	ラディ	Tamara
カル_ラディ_ラディカル	ラディカル	Tamara
公開質問状_議員連盟	公開質問状	Tamara
公開質問状_議員連盟	議員連盟	Tamara
活動_運動	活動	Tamara
活動_運動	運動	Tamara
反日_売国	反日	Tamara
反日_売国	売国	Tamara
韓_韓国	韓	Tamara
韓_韓国	韓国	Tamara
DM2_Japanese	クソフェミ	Tamara
DM2_Japanese	ジェンダーフリー	Tamara
DM2_Japanese	ツイフェミ	Tamara
DM2_Japanese	フェミ	Tamara
DM2_Japanese	フェミナチ	Tamara
DM2_Japanese	ミサンドリー	Tamara
DM1_Japan	在日特権	Tamara
守る_守れ_守れる_所属政党_日本共産党_民主_民主党・無所属クラブ_無所属_社民_立憲_西岡秀子_高井	守る	Tamara
守る_守れ_守れる_所属政党_日本共産党_民主_民主党・無所属クラブ_無所属_社民_立憲_西岡秀子_高井	守れ	Tamara
守る_守れ_守れる_所属政党_日本共産党_民主_民主党・無所属クラブ_無所属_社民_立憲_西岡秀子_高井	守れる	Tamara
守る_守れ_守れる_所属政党_日本共産党_民主_民主党・無所属クラブ_無所属_社民_立憲_西岡秀子_高井	所属政党	Tamara
守る_守れ_守れる_所属政党_日本共産党_民主_民主党・無所属クラブ_無所属_社民_立憲_西岡秀子_高井	日本共産党	Tamara
守る_守れ_守れる_所属政党_日本共産党_民主_民主党・無所属クラブ_無所属_社民_立憲_西岡秀子_高井	民主	Tamara
守る_守れ_守れる_所属政党_日本共産党_民主_民主党・無所属クラブ_無所属_社民_立憲_西岡秀子_高井	民主党・無所属クラブ	Tamara
守る_守れ_守れる_所属政党_日本共産党_民主_民主党・無所属クラブ_無所属_社民_立憲_西岡秀子_高井	無所属	Tamara
守る_守れ_守れる_所属政党_日本共産党_民主_民主党・無所属クラブ_無所属_社民_立憲_西岡秀子_高井	社民	Tamara
守る_守れ_守れる_所属政党_日本共産党_民主_民主党・無所属クラブ_無所属_社民_立憲_西岡秀子_高井	立憲	Tamara
守る_守れ_守れる_所属政党_日本共産党_民主_民主党・無所属クラブ_無所属_社民_立憲_西岡秀子_高井	西岡秀子	Tamara
守る_守れ_守れる_所属政党_日本共産党_民主_民主党・無所属クラブ_無所属_社民_立憲_西岡秀子_高井	高井	Tamara
DM1_Japanese_1	ナマポ	Tamara
DM1_Japanese_1	単一民族	Tamara
DM1_Japanese_1	在日特権	Tamara
DM1_Japanese_1	媚中	Tamara
DM1_Japanese_1	媚韓	Tamara
DM1_Japanese_1	日本人差別	Tamara
DM1_Japanese_1	特亜	Tamara
DM1_Japanese_1	特定アジア	Tamara
DM1_Japanese_1	親中	Tamara
DM1_Japanese_1	親韓	Tamara
Antagonistic_Outside_Japanese	パヨク	Tamara
Antagonistic_Outside_Japanese	マスゴミ	Tamara
Antagonistic_Outside_Japanese	反日	Tamara
Antagonistic_Outside_Japanese	国賊	Tamara
Antagonistic_Outside_Japanese	売国	Tamara
Antagonistic_Outside_Japanese	売国奴	Tamara
Antagonistic_Outside_Japanese	工作員	Tamara
Antagonistic_Outside_Japanese	左翼	Tamara
Antagonistic_Outside_Japanese	捏造	Tamara
Antagonistic_Outside_Japanese	非国民	Tamara
中韓_媚中	中韓	Tamara
中韓_媚中	媚中	Tamara
ネオリベ_リベラル	ネオリベ	Tamara
ネオリベ_リベラル	リベラル	Tamara
偏向報道_報道	偏向報道	Tamara
偏向報道_報道	報道	Tamara
政党_野党	政党	Tamara
政党_野党	野党	Tamara
内乱罪_外患罪	内乱罪	Tamara
内乱罪_外患罪	外患罪	Tamara
印象操作_捏造_洗脳	印象操作	Tamara
印象操作_捏造_洗脳	捏造	Tamara
印象操作_捏造_洗脳	洗脳	Tamara
安倍_安倍晋三	安倍	Tamara
安倍_安倍晋三	安倍晋三	Tamara
中国_中韓_朝鮮_韓国	中国	Tamara
中国_中韓_朝鮮_韓国	中韓	Tamara
中国_中韓_朝鮮_韓国	朝鮮	Tamara
中国_中韓_朝鮮_韓国	韓国	Tamara
帰化_追放	帰化	Tamara
帰化_追放	追放	Tamara
党_政党_政権_議員	党	Tamara
党_政党_政権_議員	政党	Tamara
党_政党_政権_議員	政権	Tamara
党_政党_政権_議員	議員	Tamara
捏造_洗脳	捏造	Tamara
捏造_洗脳	洗脳	Tamara
在日_在日朝鮮人	在日	Tamara
在日_在日朝鮮人	在日朝鮮人	Tamara
媚韓_親中	媚韓	Tamara
媚韓_親中	親中	Tamara
マスコミ_偏向報道	マスコミ	Tamara
マスコミ_偏向報道	偏向報道	Tamara
我々日本人	我々	Tamara
民	民	Tamara
民意	民意	Tamara
県民都民	県民	Tamara
県民都民	都民	Tamara
BI-Fraktion_CSU-Bundestagsfraktion_Ebling_FDP-Regierung_Garrelt_Hauptverhandlungskommission	BI-Fraktion	Flo
BI-Fraktion_CSU-Bundestagsfraktion_Ebling_FDP-Regierung_Garrelt_Hauptverhandlungskommission	CSU-Bundestagsfraktion	Flo
BI-Fraktion_CSU-Bundestagsfraktion_Ebling_FDP-Regierung_Garrelt_Hauptverhandlungskommission	Ebling	Flo
BI-Fraktion_CSU-Bundestagsfraktion_Ebling_FDP-Regierung_Garrelt_Hauptverhandlungskommission	FDP-Regierung	Flo
BI-Fraktion_CSU-Bundestagsfraktion_Ebling_FDP-Regierung_Garrelt_Hauptverhandlungskommission	Garrelt	Flo
BI-Fraktion_CSU-Bundestagsfraktion_Ebling_FDP-Regierung_Garrelt_Hauptverhandlungskommission	Hauptverhandlungskommission	Flo
FDP-Regierung_Grünen-Regierung_Hauptverhandlungskommission	FDP-Regierung	Flo
FDP-Regierung_Grünen-Regierung_Hauptverhandlungskommission	Grünen-Regierung	Flo
FDP-Regierung_Grünen-Regierung_Hauptverhandlungskommission	Hauptverhandlungskommission	Flo
日本人	日本人	Tamara
DM1中立	中国	Tamara
DM1中立	北朝鮮	Tamara
DM1中立	在日	Tamara
DM1中立	差別	Tamara
DM1中立	我々	Tamara
DM1中立	日本人	Tamara
DM1中立	朝鮮	Tamara
DM1中立	民族	Tamara
DM1中立	親中	Tamara
DM1中立	親韓	Tamara
DM1中立	韓国	Tamara
朝鮮	朝鮮	Tamara
DM2中立	ジェンダー	Tamara
DM2中立	トランスジェンダー	Tamara
DM2中立	フェミニズム	Tamara
DM2中立	ミサンドリー	Tamara
DM2中立	区別	Tamara
DM2中立	同性婚	Tamara
DM2中立	多様性	Tamara
DM2中立	夫婦別姓	Tamara
DM2中立	性差別	Tamara
DM2中立	性教育	Tamara
DM2中立	教育	Tamara
DM2中立	普通	Tamara
DM3中立	ウソ	Tamara
DM3中立	大戦	Tamara
DM3中立	戦争	Tamara
DM3中立	捏造	Tamara
DM3中立	教科書	Tamara
DM3中立	教育	Tamara
DM3中立	歴史	Tamara
DM3中立	軍隊	Tamara
DM3中立	靖国	Tamara
DM4中立	マスコミ	Tamara
DM4中立	メディア	Tamara
DM4中立	報道	Tamara
DM4中立	工作員	Tamara
DM4中立	左翼	Tamara
DM4中立	手先	Tamara
DM4中立	政治家	Tamara
DM4中立	朝日新聞	Tamara
DM4中立	通信	Tamara
ThePeople中立	国民	Tamara
ThePeople中立	大衆	Tamara
ThePeople中立	常識	Tamara
ThePeople中立	我々	Tamara
ThePeople中立	日本人	Tamara
ThePeople中立	民	Tamara
ThePeople中立	民意	Tamara
ThePeople中立	民族	Tamara
ThePeople中立	民衆	Tamara
ThePeople中立	民間	Tamara
ThePeople中立	県民	Tamara
ThePeople中立	都民	Tamara
ThePeople中立	非国民	Tamara
民意	民意	Tamara
マスコミ	マスコミ	Tamara
嘘_悪い_酷い_馬鹿	嘘	Tamara
嘘_悪い_酷い_馬鹿	悪い	Tamara
嘘_悪い_酷い_馬鹿	酷い	Tamara
嘘_悪い_酷い_馬鹿	馬鹿	Tamara
国民_日本	国民	Tamara
国民_日本	日本	Tamara
偏向報道_喧伝	偏向報道	Tamara
偏向報道_喧伝	喧伝	Tamara
感染者_感染者数	感染者	Tamara
感染者_感染者数	感染者数	Tamara
支配_洗脳_頭脳	支配	Tamara
支配_洗脳_頭脳	洗脳	Tamara
支配_洗脳_頭脳	頭脳	Tamara
政府_野党	政府	Tamara
政府_野党	野党	Tamara
#NHK_#テレビ朝日_#フジテレビ_#日本テレビ_支配	#NHK	Tamara
#NHK_#テレビ朝日_#フジテレビ_#日本テレビ_支配	#テレビ朝日	Tamara
#NHK_#テレビ朝日_#フジテレビ_#日本テレビ_支配	#フジテレビ	Tamara
#NHK_#テレビ朝日_#フジテレビ_#日本テレビ_支配	#日本テレビ	Tamara
#NHK_#テレビ朝日_#フジテレビ_#日本テレビ_支配	支配	Tamara
信じる_信用	信じる	Tamara
信じる_信用	信用	Tamara
ため_及び_本当_直接_直接選挙_直結	ため	Tamara
ため_及び_本当_直接_直接選挙_直結	及び	Tamara
ため_及び_本当_直接_直接選挙_直結	本当	Tamara
ため_及び_本当_直接_直接選挙_直結	直接	Tamara
ため_及び_本当_直接_直接選挙_直結	直接選挙	Tamara
ため_及び_本当_直接_直接選挙_直結	直結	Tamara
Hochverrat_Verrat_verraten	Hochverrat	Tamara
Hochverrat_Verrat_verraten	Verrat	Tamara
Hochverrat_Verrat_verraten	verraten	Tamara
税金_血税	税金	Tamara
税金_血税	血税	Tamara
愚弄_馬鹿	愚弄	Tamara
愚弄_馬鹿	馬鹿	Tamara
生命_生活	生命	Tamara
生命_生活	生活	Tamara
守ら_守る	守ら	Tamara
守ら_守る	守る	Tamara
政府_政権_政治家	政府	Tamara
政府_政権_政治家	政権	Tamara
政府_政権_政治家	政治家	Tamara
支持_支持率	支持	Tamara
支持_支持率	支持率	Tamara
Reich_Vaterland_deutsch	Reich	Tamara
Reich_Vaterland_deutsch	Vaterland	Tamara
Reich_Vaterland_deutsch	deutsch	Tamara
gegeneinander_spalten	gegeneinander	Tamara
gegeneinander_spalten	spalten	Tamara
Volk_diss	Volk	Tamara
Volks	Volk	Tamara
Volks	Volkes	Tamara
Volks	Volks	Tamara
Demokratie_Herrschaft_Politiker_Regierung	Demokratie	Tamara
Demokratie_Herrschaft_Politiker_Regierung	Herrschaft	Tamara
Demokratie_Herrschaft_Politiker_Regierung	Politiker	Tamara
Demokratie_Herrschaft_Politiker_Regierung	Regierung	Tamara
deutsche_deutschen	deutsche	Tamara
deutsche_deutschen	deutschen	Tamara
normal	normal	Tamara
0\.0487_0\.1949_0\.2436_0\.3410_0\.3898_0\.4872_0\.5359_uSv	0\.0487	Tamara
0\.0487_0\.1949_0\.2436_0\.3410_0\.3898_0\.4872_0\.5359_uSv	0\.1949	Tamara
0\.0487_0\.1949_0\.2436_0\.3410_0\.3898_0\.4872_0\.5359_uSv	0\.2436	Tamara
0\.0487_0\.1949_0\.2436_0\.3410_0\.3898_0\.4872_0\.5359_uSv	0\.3410	Tamara
0\.0487_0\.1949_0\.2436_0\.3410_0\.3898_0\.4872_0\.5359_uSv	0\.3898	Tamara
0\.0487_0\.1949_0\.2436_0\.3410_0\.3898_0\.4872_0\.5359_uSv	0\.4872	Tamara
0\.0487_0\.1949_0\.2436_0\.3410_0\.3898_0\.4872_0\.5359_uSv	0\.5359	Tamara
0\.0487_0\.1949_0\.2436_0\.3410_0\.3898_0\.4872_0\.5359_uSv	uSv	Tamara
durchaus_einigermaßen_halbwegs_vollkommen_völlig	durchaus	Tamara
durchaus_einigermaßen_halbwegs_vollkommen_völlig	einigermaßen	Tamara
durchaus_einigermaßen_halbwegs_vollkommen_völlig	halbwegs	Tamara
durchaus_einigermaßen_halbwegs_vollkommen_völlig	vollkommen	Tamara
durchaus_einigermaßen_halbwegs_vollkommen_völlig	völlig	Tamara
Stink_stink	Stink	Tamara
Stink_stink	stink	Tamara
Schulalltag_Schule_Unterricht	Schulalltag	Tamara
Schulalltag_Schule_Unterricht	Schule	Tamara
Schulalltag_Schule_Unterricht	Unterricht	Tamara
Bettlägerigkeit_Impfreaktion	Bettlägerigkeit	Tamara
Bettlägerigkeit_Impfreaktion	Impfreaktion	Tamara
Grippe_Infekt_grippal	Grippe	Tamara
Grippe_Infekt_grippal	Infekt	Tamara
Grippe_Infekt_grippal	grippal	Tamara
Lat_Low_Mid_range	Lat	Tamara
Lat_Low_Mid_range	Low	Tamara
Lat_Low_Mid_range	Mid	Tamara
Lat_Low_Mid_range	range	Tamara
Denkende_denken_denkend	Denkende	Tamara
Denkende_denken_denkend	denken	Tamara
Denkende_denken_denkend	denkend	Tamara
Fahrtrichtung_Linienführung_Verkehrsaufkommen	Fahrtrichtung	Tamara
Fahrtrichtung_Linienführung_Verkehrsaufkommen	Linienführung	Tamara
Fahrtrichtung_Linienführung_Verkehrsaufkommen	Verkehrsaufkommen	Tamara
alle_als_anstatt_doch_fast_ganz_halt_mittlerweile_oder_ohne_sondern_sowas_wieder	alle	Tamara
alle_als_anstatt_doch_fast_ganz_halt_mittlerweile_oder_ohne_sondern_sowas_wieder	als	Tamara
alle_als_anstatt_doch_fast_ganz_halt_mittlerweile_oder_ohne_sondern_sowas_wieder	anstatt	Tamara
alle_als_anstatt_doch_fast_ganz_halt_mittlerweile_oder_ohne_sondern_sowas_wieder	doch	Tamara
alle_als_anstatt_doch_fast_ganz_halt_mittlerweile_oder_ohne_sondern_sowas_wieder	fast	Tamara
alle_als_anstatt_doch_fast_ganz_halt_mittlerweile_oder_ohne_sondern_sowas_wieder	ganz	Tamara
alle_als_anstatt_doch_fast_ganz_halt_mittlerweile_oder_ohne_sondern_sowas_wieder	halt	Tamara
alle_als_anstatt_doch_fast_ganz_halt_mittlerweile_oder_ohne_sondern_sowas_wieder	mittlerweile	Tamara
alle_als_anstatt_doch_fast_ganz_halt_mittlerweile_oder_ohne_sondern_sowas_wieder	oder	Tamara
alle_als_anstatt_doch_fast_ganz_halt_mittlerweile_oder_ohne_sondern_sowas_wieder	ohne	Tamara
alle_als_anstatt_doch_fast_ganz_halt_mittlerweile_oder_ohne_sondern_sowas_wieder	sondern	Tamara
alle_als_anstatt_doch_fast_ganz_halt_mittlerweile_oder_ohne_sondern_sowas_wieder	sowas	Tamara
alle_als_anstatt_doch_fast_ganz_halt_mittlerweile_oder_ohne_sondern_sowas_wieder	wieder	Tamara
Arbeit_Arbeitstag_Betrieb	Arbeit	Tamara
Arbeit_Arbeitstag_Betrieb	Arbeitstag	Tamara
Arbeit_Arbeitstag_Betrieb	Betrieb	Tamara
empfinden_funktionieren_leben_sein_verhalten	empfinden	Tamara
empfinden_funktionieren_leben_sein_verhalten	funktionieren	Tamara
empfinden_funktionieren_leben_sein_verhalten	leben	Tamara
empfinden_funktionieren_leben_sein_verhalten	sein	Tamara
empfinden_funktionieren_leben_sein_verhalten	verhalten	Tamara
weiterlaufen_weiterleben	weiterlaufen	Tamara
weiterlaufen_weiterleben	weiterleben	Tamara
(normal|normaler|normalen|normalem|normale|normales) 	normal	Tamara
(normal|normaler|normalen|normalem|normale|normales) 	normale	Tamara
(normal|normaler|normalen|normalem|normale|normales) 	normalem	Tamara
(normal|normaler|normalen|normalem|normale|normales) 	normalen	Tamara
(normal|normaler|normalen|normalem|normale|normales) 	normaler	Tamara
(normal|normaler|normalen|normalem|normale|normales) 	normales	Tamara
Linienweg_Verspätungen	Linienweg	Tamara
Linienweg_Verspätungen	Verspätungen	Tamara
Figur_schlanke	Figur	Tamara
Figur_schlanke	schlanke	Tamara
Endlich_Ganz_Völlig_als_also_eigentlich_einfach_ganz_halt_jedoch_keine_mehr_nicht_oder_sonst_total_vollkommen_völlig_wieder	Endlich	Tamara
Endlich_Ganz_Völlig_als_also_eigentlich_einfach_ganz_halt_jedoch_keine_mehr_nicht_oder_sonst_total_vollkommen_völlig_wieder	Ganz	Tamara
Endlich_Ganz_Völlig_als_also_eigentlich_einfach_ganz_halt_jedoch_keine_mehr_nicht_oder_sonst_total_vollkommen_völlig_wieder	Völlig	Tamara
Endlich_Ganz_Völlig_als_also_eigentlich_einfach_ganz_halt_jedoch_keine_mehr_nicht_oder_sonst_total_vollkommen_völlig_wieder	als	Tamara
Endlich_Ganz_Völlig_als_also_eigentlich_einfach_ganz_halt_jedoch_keine_mehr_nicht_oder_sonst_total_vollkommen_völlig_wieder	also	Tamara
Endlich_Ganz_Völlig_als_also_eigentlich_einfach_ganz_halt_jedoch_keine_mehr_nicht_oder_sonst_total_vollkommen_völlig_wieder	eigentlich	Tamara
Endlich_Ganz_Völlig_als_also_eigentlich_einfach_ganz_halt_jedoch_keine_mehr_nicht_oder_sonst_total_vollkommen_völlig_wieder	einfach	Tamara
Endlich_Ganz_Völlig_als_also_eigentlich_einfach_ganz_halt_jedoch_keine_mehr_nicht_oder_sonst_total_vollkommen_völlig_wieder	ganz	Tamara
Endlich_Ganz_Völlig_als_also_eigentlich_einfach_ganz_halt_jedoch_keine_mehr_nicht_oder_sonst_total_vollkommen_völlig_wieder	halt	Tamara
Endlich_Ganz_Völlig_als_also_eigentlich_einfach_ganz_halt_jedoch_keine_mehr_nicht_oder_sonst_total_vollkommen_völlig_wieder	jedoch	Tamara
Endlich_Ganz_Völlig_als_also_eigentlich_einfach_ganz_halt_jedoch_keine_mehr_nicht_oder_sonst_total_vollkommen_völlig_wieder	keine	Tamara
Endlich_Ganz_Völlig_als_also_eigentlich_einfach_ganz_halt_jedoch_keine_mehr_nicht_oder_sonst_total_vollkommen_völlig_wieder	mehr	Tamara
Endlich_Ganz_Völlig_als_also_eigentlich_einfach_ganz_halt_jedoch_keine_mehr_nicht_oder_sonst_total_vollkommen_völlig_wieder	nicht	Tamara
Endlich_Ganz_Völlig_als_also_eigentlich_einfach_ganz_halt_jedoch_keine_mehr_nicht_oder_sonst_total_vollkommen_völlig_wieder	oder	Tamara
Endlich_Ganz_Völlig_als_also_eigentlich_einfach_ganz_halt_jedoch_keine_mehr_nicht_oder_sonst_total_vollkommen_völlig_wieder	sonst	Tamara
Endlich_Ganz_Völlig_als_also_eigentlich_einfach_ganz_halt_jedoch_keine_mehr_nicht_oder_sonst_total_vollkommen_völlig_wieder	total	Tamara
Endlich_Ganz_Völlig_als_also_eigentlich_einfach_ganz_halt_jedoch_keine_mehr_nicht_oder_sonst_total_vollkommen_völlig_wieder	vollkommen	Tamara
Endlich_Ganz_Völlig_als_also_eigentlich_einfach_ganz_halt_jedoch_keine_mehr_nicht_oder_sonst_total_vollkommen_völlig_wieder	völlig	Tamara
Endlich_Ganz_Völlig_als_also_eigentlich_einfach_ganz_halt_jedoch_keine_mehr_nicht_oder_sonst_total_vollkommen_völlig_wieder	wieder	Tamara
Mensch_Menschen	Mensch	Tamara
Mensch_Menschen	Menschen	Tamara
Das_Ist_bei_bin_das_ein_einem_es_ich_ist_nem_sein_sind_wie	Das	Tamara
Das_Ist_bei_bin_das_ein_einem_es_ich_ist_nem_sein_sind_wie	Ist	Tamara
Das_Ist_bei_bin_das_ein_einem_es_ich_ist_nem_sein_sind_wie	bei	Tamara
Das_Ist_bei_bin_das_ein_einem_es_ich_ist_nem_sein_sind_wie	bin	Tamara
Das_Ist_bei_bin_das_ein_einem_es_ich_ist_nem_sein_sind_wie	das	Tamara
Das_Ist_bei_bin_das_ein_einem_es_ich_ist_nem_sein_sind_wie	ein	Tamara
Das_Ist_bei_bin_das_ein_einem_es_ich_ist_nem_sein_sind_wie	einem	Tamara
Das_Ist_bei_bin_das_ein_einem_es_ich_ist_nem_sein_sind_wie	es	Tamara
Das_Ist_bei_bin_das_ein_einem_es_ich_ist_nem_sein_sind_wie	ich	Tamara
Das_Ist_bei_bin_das_ein_einem_es_ich_ist_nem_sein_sind_wie	ist	Tamara
Das_Ist_bei_bin_das_ein_einem_es_ich_ist_nem_sein_sind_wie	nem	Tamara
Das_Ist_bei_bin_das_ein_einem_es_ich_ist_nem_sein_sind_wie	sein	Tamara
Das_Ist_bei_bin_das_ein_einem_es_ich_ist_nem_sein_sind_wie	sind	Tamara
Das_Ist_bei_bin_das_ein_einem_es_ich_ist_nem_sein_sind_wie	wie	Tamara
0\.0487_0\.0974_0\.1462_0\.1949_0\.2436_0\.2923_0\.3410_0\.3898_0\.4385_0\.4872_0\.5359_0\.5846_0\.6334_0\.6821_0\.7308_0\.7795_0\.8282_0\.8770_0\.9257_0\.9744_range_uSv	0\.0487	Tamara
0\.0487_0\.0974_0\.1462_0\.1949_0\.2436_0\.2923_0\.3410_0\.3898_0\.4385_0\.4872_0\.5359_0\.5846_0\.6334_0\.6821_0\.7308_0\.7795_0\.8282_0\.8770_0\.9257_0\.9744_range_uSv	0\.0974	Tamara
0\.0487_0\.0974_0\.1462_0\.1949_0\.2436_0\.2923_0\.3410_0\.3898_0\.4385_0\.4872_0\.5359_0\.5846_0\.6334_0\.6821_0\.7308_0\.7795_0\.8282_0\.8770_0\.9257_0\.9744_range_uSv	0\.1462	Tamara
0\.0487_0\.0974_0\.1462_0\.1949_0\.2436_0\.2923_0\.3410_0\.3898_0\.4385_0\.4872_0\.5359_0\.5846_0\.6334_0\.6821_0\.7308_0\.7795_0\.8282_0\.8770_0\.9257_0\.9744_range_uSv	0\.1949	Tamara
0\.0487_0\.0974_0\.1462_0\.1949_0\.2436_0\.2923_0\.3410_0\.3898_0\.4385_0\.4872_0\.5359_0\.5846_0\.6334_0\.6821_0\.7308_0\.7795_0\.8282_0\.8770_0\.9257_0\.9744_range_uSv	0\.2436	Tamara
0\.0487_0\.0974_0\.1462_0\.1949_0\.2436_0\.2923_0\.3410_0\.3898_0\.4385_0\.4872_0\.5359_0\.5846_0\.6334_0\.6821_0\.7308_0\.7795_0\.8282_0\.8770_0\.9257_0\.9744_range_uSv	0\.2923	Tamara
0\.0487_0\.0974_0\.1462_0\.1949_0\.2436_0\.2923_0\.3410_0\.3898_0\.4385_0\.4872_0\.5359_0\.5846_0\.6334_0\.6821_0\.7308_0\.7795_0\.8282_0\.8770_0\.9257_0\.9744_range_uSv	0\.3410	Tamara
0\.0487_0\.0974_0\.1462_0\.1949_0\.2436_0\.2923_0\.3410_0\.3898_0\.4385_0\.4872_0\.5359_0\.5846_0\.6334_0\.6821_0\.7308_0\.7795_0\.8282_0\.8770_0\.9257_0\.9744_range_uSv	0\.3898	Tamara
0\.0487_0\.0974_0\.1462_0\.1949_0\.2436_0\.2923_0\.3410_0\.3898_0\.4385_0\.4872_0\.5359_0\.5846_0\.6334_0\.6821_0\.7308_0\.7795_0\.8282_0\.8770_0\.9257_0\.9744_range_uSv	0\.4385	Tamara
0\.0487_0\.0974_0\.1462_0\.1949_0\.2436_0\.2923_0\.3410_0\.3898_0\.4385_0\.4872_0\.5359_0\.5846_0\.6334_0\.6821_0\.7308_0\.7795_0\.8282_0\.8770_0\.9257_0\.9744_range_uSv	0\.4872	Tamara
0\.0487_0\.0974_0\.1462_0\.1949_0\.2436_0\.2923_0\.3410_0\.3898_0\.4385_0\.4872_0\.5359_0\.5846_0\.6334_0\.6821_0\.7308_0\.7795_0\.8282_0\.8770_0\.9257_0\.9744_range_uSv	0\.5359	Tamara
0\.0487_0\.0974_0\.1462_0\.1949_0\.2436_0\.2923_0\.3410_0\.3898_0\.4385_0\.4872_0\.5359_0\.5846_0\.6334_0\.6821_0\.7308_0\.7795_0\.8282_0\.8770_0\.9257_0\.9744_range_uSv	0\.5846	Tamara
0\.0487_0\.0974_0\.1462_0\.1949_0\.2436_0\.2923_0\.3410_0\.3898_0\.4385_0\.4872_0\.5359_0\.5846_0\.6334_0\.6821_0\.7308_0\.7795_0\.8282_0\.8770_0\.9257_0\.9744_range_uSv	0\.6334	Tamara
0\.0487_0\.0974_0\.1462_0\.1949_0\.2436_0\.2923_0\.3410_0\.3898_0\.4385_0\.4872_0\.5359_0\.5846_0\.6334_0\.6821_0\.7308_0\.7795_0\.8282_0\.8770_0\.9257_0\.9744_range_uSv	0\.6821	Tamara
0\.0487_0\.0974_0\.1462_0\.1949_0\.2436_0\.2923_0\.3410_0\.3898_0\.4385_0\.4872_0\.5359_0\.5846_0\.6334_0\.6821_0\.7308_0\.7795_0\.8282_0\.8770_0\.9257_0\.9744_range_uSv	0\.7308	Tamara
0\.0487_0\.0974_0\.1462_0\.1949_0\.2436_0\.2923_0\.3410_0\.3898_0\.4385_0\.4872_0\.5359_0\.5846_0\.6334_0\.6821_0\.7308_0\.7795_0\.8282_0\.8770_0\.9257_0\.9744_range_uSv	0\.7795	Tamara
0\.0487_0\.0974_0\.1462_0\.1949_0\.2436_0\.2923_0\.3410_0\.3898_0\.4385_0\.4872_0\.5359_0\.5846_0\.6334_0\.6821_0\.7308_0\.7795_0\.8282_0\.8770_0\.9257_0\.9744_range_uSv	0\.8282	Tamara
0\.0487_0\.0974_0\.1462_0\.1949_0\.2436_0\.2923_0\.3410_0\.3898_0\.4385_0\.4872_0\.5359_0\.5846_0\.6334_0\.6821_0\.7308_0\.7795_0\.8282_0\.8770_0\.9257_0\.9744_range_uSv	0\.8770	Tamara
0\.0487_0\.0974_0\.1462_0\.1949_0\.2436_0\.2923_0\.3410_0\.3898_0\.4385_0\.4872_0\.5359_0\.5846_0\.6334_0\.6821_0\.7308_0\.7795_0\.8282_0\.8770_0\.9257_0\.9744_range_uSv	0\.9257	Tamara
0\.0487_0\.0974_0\.1462_0\.1949_0\.2436_0\.2923_0\.3410_0\.3898_0\.4385_0\.4872_0\.5359_0\.5846_0\.6334_0\.6821_0\.7308_0\.7795_0\.8282_0\.8770_0\.9257_0\.9744_range_uSv	0\.9744	Tamara
0\.0487_0\.0974_0\.1462_0\.1949_0\.2436_0\.2923_0\.3410_0\.3898_0\.4385_0\.4872_0\.5359_0\.5846_0\.6334_0\.6821_0\.7308_0\.7795_0\.8282_0\.8770_0\.9257_0\.9744_range_uSv	range	Tamara
0\.0487_0\.0974_0\.1462_0\.1949_0\.2436_0\.2923_0\.3410_0\.3898_0\.4385_0\.4872_0\.5359_0\.5846_0\.6334_0\.6821_0\.7308_0\.7795_0\.8282_0\.8770_0\.9257_0\.9744_range_uSv	uSv	Tamara
Bürger_Bürgern_bürger	Bürger	Tamara
Bürger_Bürgern_bürger	Bürgern	Tamara
Bürger_Bürgern_bürger	bürger	Tamara
Völlig_einigermaßen_halbwegs_komplett_völlig	Völlig	Tamara
Völlig_einigermaßen_halbwegs_komplett_völlig	einigermaßen	Tamara
Völlig_einigermaßen_halbwegs_komplett_völlig	halbwegs	Tamara
Völlig_einigermaßen_halbwegs_komplett_völlig	komplett	Tamara
Völlig_einigermaßen_halbwegs_komplett_völlig	völlig	Tamara
Arbeitnehmer_Arbeitstag	Arbeitnehmer	Tamara
Arbeitnehmer_Arbeitstag	Arbeitstag	Tamara
Mensch_mensch	Mensch	Tamara
Mensch_mensch	mensch	Tamara
#A565_Fahrtrichtungen_Linienführung_Verkehrsaufkommen_verkehren	#A565	Tamara
#A565_Fahrtrichtungen_Linienführung_Verkehrsaufkommen_verkehren	Fahrtrichtungen	Tamara
#A565_Fahrtrichtungen_Linienführung_Verkehrsaufkommen_verkehren	Linienführung	Tamara
#A565_Fahrtrichtungen_Linienführung_Verkehrsaufkommen_verkehren	Verkehrsaufkommen	Tamara
#A565_Fahrtrichtungen_Linienführung_Verkehrsaufkommen_verkehren	verkehren	Tamara
denken_empfinden_funktionierenden_reden_unterhalten_verhalten	denken	Tamara
denken_empfinden_funktionierenden_reden_unterhalten_verhalten	empfinden	Tamara
denken_empfinden_funktionierenden_reden_unterhalten_verhalten	funktionierenden	Tamara
denken_empfinden_funktionierenden_reden_unterhalten_verhalten	reden	Tamara
denken_empfinden_funktionierenden_reden_unterhalten_verhalten	unterhalten	Tamara
denken_empfinden_funktionierenden_reden_unterhalten_verhalten	verhalten	Tamara
weiterleben_weiterläuft	weiterleben	Tamara
weiterleben_weiterläuft	weiterläuft	Tamara
Normalize_bodies	Normalize	Tamara
Normalize_bodies	bodies	Tamara
Sterblichkeit_sterblichen	Sterblichkeit	Tamara
Sterblichkeit_sterblichen	sterblichen	Tamara
Verfahren_Vorgang	Verfahren	Tamara
Verfahren_Vorgang	Vorgang	Tamara
ganz_halbwegs_völlig	ganz	Tamara
ganz_halbwegs_völlig	halbwegs	Tamara
ganz_halbwegs_völlig	völlig	Tamara
Betrieb_Geschäft	Betrieb	Tamara
Betrieb_Geschäft	Geschäft	Tamara
Denkender_denkender	Denkender	Tamara
Denkender_denkender	denkender	Tamara
普通	普通	Tamara
暮らし_暮らす_暮らせる_生活	暮らし	Tamara
暮らし_暮らす_暮らせる_生活	暮らす	Tamara
暮らし_暮らす_暮らせる_生活	暮らせる	Tamara
暮らし_暮らす_暮らせる_生活	生活	Tamara
人間_家庭	人間	Tamara
人間_家庭	家庭	Tamara
暮らし_生活	暮らし	Tamara
暮らし_生活	生活	Tamara
普通	普通	Tamara
11本_13倍_27人_33倍_36倍_41倍_6本_8本_98倍_嘉穂_県立船橋	11本	Tamara
11本_13倍_27人_33倍_36倍_41倍_6本_8本_98倍_嘉穂_県立船橋	13倍	Tamara
11本_13倍_27人_33倍_36倍_41倍_6本_8本_98倍_嘉穂_県立船橋	27人	Tamara
11本_13倍_27人_33倍_36倍_41倍_6本_8本_98倍_嘉穂_県立船橋	33倍	Tamara
11本_13倍_27人_33倍_36倍_41倍_6本_8本_98倍_嘉穂_県立船橋	36倍	Tamara
11本_13倍_27人_33倍_36倍_41倍_6本_8本_98倍_嘉穂_県立船橋	41倍	Tamara
11本_13倍_27人_33倍_36倍_41倍_6本_8本_98倍_嘉穂_県立船橋	6本	Tamara
11本_13倍_27人_33倍_36倍_41倍_6本_8本_98倍_嘉穂_県立船橋	8本	Tamara
11本_13倍_27人_33倍_36倍_41倍_6本_8本_98倍_嘉穂_県立船橋	98倍	Tamara
11本_13倍_27人_33倍_36倍_41倍_6本_8本_98倍_嘉穂_県立船橋	嘉穂	Tamara
11本_13倍_27人_33倍_36倍_41倍_6本_8本_98倍_嘉穂_県立船橋	県立船橋	Tamara
3053606_937164	3053606	Tamara
3053606_937164	937164	Tamara
中型免許_免許_免許状	中型免許	Tamara
中型免許_免許_免許状	免許	Tamara
中型免許_免許_免許状	免許状	Tamara
当座預金_預貯金	当座預金	Tamara
当座預金_預貯金	預貯金	Tamara
教室_教室へ_特別教室	教室	Tamara
教室_教室へ_特別教室	教室へ	Tamara
教室_教室へ_特別教室	特別教室	Tamara
乗用車_快速_快速列車_特急_貨物車	乗用車	Tamara
乗用車_快速_快速列車_特急_貨物車	快速	Tamara
乗用車_快速_快速列車_特急_貨物車	快速列車	Tamara
乗用車_快速_快速列車_特急_貨物車	特急	Tamara
乗用車_快速_快速列車_特急_貨物車	貨物車	Tamara
11人_15人_33人_34人_37人	11人	Tamara
11人_15人_33人_34人_37人	15人	Tamara
11人_15人_33人_34人_37人	33人	Tamara
11人_15人_33人_34人_37人	34人	Tamara
11人_15人_33人_34人_37人	37人	Tamara
リモラブ_恋_邪道	リモラブ	Tamara
リモラブ_恋_邪道	恋	Tamara
リモラブ_恋_邪道	邪道	Tamara
夜間_夜間部_昼間	夜間	Tamara
夜間_夜間部_昼間	夜間部	Tamara
夜間_夜間部_昼間	昼間	Tamara
エアコン_冷房	エアコン	Tamara
エアコン_冷房	冷房	Tamara
1137044_1706947_3047757	1137044	Tamara
1137044_1706947_3047757	1706947	Tamara
1137044_1706947_3047757	3047757	Tamara
11倍_25倍_33倍_38倍_3部_40倍_42倍_54倍_55倍_58倍_78倍_96倍	11倍	Tamara
11倍_25倍_33倍_38倍_3部_40倍_42倍_54倍_55倍_58倍_78倍_96倍	25倍	Tamara
11倍_25倍_33倍_38倍_3部_40倍_42倍_54倍_55倍_58倍_78倍_96倍	33倍	Tamara
11倍_25倍_33倍_38倍_3部_40倍_42倍_54倍_55倍_58倍_78倍_96倍	38倍	Tamara
11倍_25倍_33倍_38倍_3部_40倍_42倍_54倍_55倍_58倍_78倍_96倍	3部	Tamara
11倍_25倍_33倍_38倍_3部_40倍_42倍_54倍_55倍_58倍_78倍_96倍	40倍	Tamara
11倍_25倍_33倍_38倍_3部_40倍_42倍_54倍_55倍_58倍_78倍_96倍	42倍	Tamara
11倍_25倍_33倍_38倍_3部_40倍_42倍_54倍_55倍_58倍_78倍_96倍	54倍	Tamara
11倍_25倍_33倍_38倍_3部_40倍_42倍_54倍_55倍_58倍_78倍_96倍	55倍	Tamara
11倍_25倍_33倍_38倍_3部_40倍_42倍_54倍_55倍_58倍_78倍_96倍	58倍	Tamara
11倍_25倍_33倍_38倍_3部_40倍_42倍_54倍_55倍_58倍_78倍_96倍	78倍	Tamara
11倍_25倍_33倍_38倍_3部_40倍_42倍_54倍_55倍_58倍_78倍_96倍	96倍	Tamara
16本_1本_上下線_乗用車_快速_快速列車_急行_貨物自動車_貨物車	16本	Tamara
16本_1本_上下線_乗用車_快速_快速列車_急行_貨物自動車_貨物車	1本	Tamara
16本_1本_上下線_乗用車_快速_快速列車_急行_貨物自動車_貨物車	上下線	Tamara
16本_1本_上下線_乗用車_快速_快速列車_急行_貨物自動車_貨物車	乗用車	Tamara
16本_1本_上下線_乗用車_快速_快速列車_急行_貨物自動車_貨物車	快速	Tamara
16本_1本_上下線_乗用車_快速_快速列車_急行_貨物自動車_貨物車	快速列車	Tamara
16本_1本_上下線_乗用車_快速_快速列車_急行_貨物自動車_貨物車	急行	Tamara
16本_1本_上下線_乗用車_快速_快速列車_急行_貨物自動車_貨物車	貨物自動車	Tamara
16本_1本_上下線_乗用車_快速_快速列車_急行_貨物自動車_貨物車	貨物車	Tamara
教室_教室へ	教室	Tamara
教室_教室へ	教室へ	Tamara
修猷館_明徳館	修猷館	Tamara
修猷館_明徳館	明徳館	Tamara
当座預金_預貯金	当座預金	Tamara
当座預金_預貯金	預貯金	Tamara
大人_女_子	大人	Tamara
大人_女_子	女	Tamara
大人_女_子	子	Tamara
15人_20人	15人	Tamara
15人_20人	20人	Tamara
もみじ銀行_広島銀行	もみじ銀行	Tamara
もみじ銀行_広島銀行	広島銀行	Tamara
1種_2種	1種	Tamara
1種_2種	2種	Tamara
三島信用金庫_南都銀行	三島信用金庫	Tamara
三島信用金庫_南都銀行	南都銀行	Tamara
普通預金_貯金_郵便貯金	普通預金	Tamara
普通預金_貯金_郵便貯金	貯金	Tamara
普通預金_貯金_郵便貯金	郵便貯金	Tamara
快速列車_貨物自動車_貨物車	快速列車	Tamara
快速列車_貨物自動車_貨物車	貨物自動車	Tamara
快速列車_貨物自動車_貨物車	貨物車	Tamara
小中学校_教室_教室へ_特別教室	小中学校	Tamara
小中学校_教室_教室へ_特別教室	教室	Tamara
小中学校_教室_教室へ_特別教室	教室へ	Tamara
小中学校_教室_教室へ_特別教室	特別教室	Tamara
人_子_学級	人	Tamara
人_子_学級	子	Tamara
人_子_学級	学級	Tamara
貨物自動車_貨物車	貨物自動車	Tamara
貨物自動車_貨物車	貨物車	Tamara
リモラブ_邪道	リモラブ	Tamara
リモラブ_邪道	邪道	Tamara
当座預金_貯金_郵便貯金_預貯金	当座預金	Tamara
当座預金_貯金_郵便貯金_預貯金	貯金	Tamara
当座預金_貯金_郵便貯金_預貯金	郵便貯金	Tamara
当座預金_貯金_郵便貯金_預貯金	預貯金	Tamara
人_人びと	人	Tamara
人_人びと	人びと	Tamara
教室_教室へ	教室	Tamara
教室_教室へ	教室へ	Tamara
83倍_90倍	83倍	Tamara
83倍_90倍	90倍	Tamara
ごく	ごく	Tamara
乗用車_運転	乗用車	Tamara
乗用車_運転	運転	Tamara
普通	普通	Tamara
#バランスピザポ_#推しピザポテト	#バランスピザポ	Tamara
#バランスピザポ_#推しピザポテト	#推しピザポテト	Tamara
29発_56発_9発	29発	Tamara
29発_56発_9発	56発	Tamara
29発_56発_9発	9発	Tamara
指使い_舌使い	指使い	Tamara
指使い_舌使い	舌使い	Tamara
暮らし_生活	暮らし	Tamara
暮らし_生活	生活	Tamara
常識_常識的	常識	Tamara
常識_常識的	常識的	Tamara
考える_考えれ	考える	Tamara
考える_考えれ	考えれ	Tamara
企業_民間企業	企業	Tamara
企業_民間企業	民間企業	Tamara
学校_小中学校_教室_教室へ_特別教室	学校	Tamara
学校_小中学校_教室_教室へ_特別教室	小中学校	Tamara
学校_小中学校_教室_教室へ_特別教室	教室	Tamara
学校_小中学校_教室_教室へ_特別教室	教室へ	Tamara
学校_小中学校_教室_教室へ_特別教室	特別教室	Tamara
免許_免許状	免許	Tamara
免許_免許状	免許状	Tamara
考える_考えれ	考える	Tamara
考える_考えれ	考えれ	Tamara
暮らし_暮らせる	暮らし	Tamara
暮らし_暮らせる	暮らせる	Tamara
Alltag_Tagesablauf	Alltag	Tamara
Alltag_Tagesablauf	Tagesablauf	Tamara
Girokonto	Girokonto	Tamara
Arbeitstag_Werktag	Arbeitstag	Tamara
Arbeitstag_Werktag	Werktag	Tamara
Bürger_Leute_Mensch_Menschen	Bürger	Tamara
Bürger_Leute_Mensch_Menschen	Leute	Tamara
Bürger_Leute_Mensch_Menschen	Mensch	Tamara
Bürger_Leute_Mensch_Menschen	Menschen	Tamara
Flugbetrieb_Kinobetrieb	Flugbetrieb	Tamara
Flugbetrieb_Kinobetrieb	Kinobetrieb	Tamara
Straßenverkehr_Verkehr	Straßenverkehr	Tamara
Straßenverkehr_Verkehr	Verkehr	Tamara
Bedingungen_Umständen	Bedingungen	Tamara
Bedingungen_Umständen	Umständen	Tamara
Verlauf_verlaufen_verlief	Verlauf	Tamara
Verlauf_verlaufen_verlief	verlaufen	Tamara
Verlauf_verlaufen_verlief	verlief	Tamara
Fahrbetrieb_Spielbetrieb	Fahrbetrieb	Tamara
Fahrbetrieb_Spielbetrieb	Spielbetrieb	Tamara
Hausse-_Hausse-Trend	Hausse-	Tamara
Hausse-_Hausse-Trend	Hausse-Trend	Tamara
Bürger_Bürgerin_Leute_Mensch_Menschen	Bürger	Tamara
Bürger_Bürgerin_Leute_Mensch_Menschen	Bürgerin	Tamara
Bürger_Bürgerin_Leute_Mensch_Menschen	Leute	Tamara
Bürger_Bürgerin_Leute_Mensch_Menschen	Mensch	Tamara
Bürger_Bürgerin_Leute_Mensch_Menschen	Menschen	Tamara
Angestellter_Arbeitstag_Betrieb_Geschäftstätigkeit	Angestellter	Tamara
Angestellter_Arbeitstag_Betrieb_Geschäftstätigkeit	Arbeitstag	Tamara
Angestellter_Arbeitstag_Betrieb_Geschäftstätigkeit	Betrieb	Tamara
Angestellter_Arbeitstag_Betrieb_Geschäftstätigkeit	Geschäftstätigkeit	Tamara
Anlagekonten_Sparer	Anlagekonten	Tamara
Anlagekonten_Sparer	Sparer	Tamara
zurückkehren_zurückzukehren	zurückkehren	Tamara
zurückkehren_zurückzukehren	zurückzukehren	Tamara
Bürger_Leute_Mensch_Menschen	Bürger	Tamara
Bürger_Leute_Mensch_Menschen	Leute	Tamara
Bürger_Leute_Mensch_Menschen	Mensch	Tamara
Bürger_Leute_Mensch_Menschen	Menschen	Tamara
Arbeitstag_Werktag	Arbeitstag	Tamara
Arbeitstag_Werktag	Werktag	Tamara
Betrieb_Geschäft_Geschäftsbetrieb	Betrieb	Tamara
Betrieb_Geschäft_Geschäftsbetrieb	Geschäft	Tamara
Betrieb_Geschäft_Geschäftsbetrieb	Geschäftsbetrieb	Tamara
Schulalltag_Schule_Schuljahr_Unterricht	Schulalltag	Tamara
Schulalltag_Schule_Schuljahr_Unterricht	Schule	Tamara
Schulalltag_Schule_Schuljahr_Unterricht	Schuljahr	Tamara
Schulalltag_Schule_Schuljahr_Unterricht	Unterricht	Tamara
Maß_Maßstäben	Maß	Tamara
Maß_Maßstäben	Maßstäben	Tamara
Jahren_Tag	Jahren	Tamara
Jahren_Tag	Tag	Tamara
Girokonto_Sparer	Girokonto	Tamara
Girokonto_Sparer	Sparer	Tamara
normal	normal	Tamara
laut	laut	Tamara
{Volk}	Volk	Tamara
shtetit	shtetit	admin
shtetit	shtetit	admin
çaj	çaj	Besim
anije	5	Besim
anije	anije	Besim
Arbeit	punë	Besim
Kjo_Këtë_asnjë_atë_kjo_kët_këtë_ndonjë_një_Çdo	Kjo	Besim
Kjo_Këtë_asnjë_atë_kjo_kët_këtë_ndonjë_një_Çdo	Këtë	Besim
Kjo_Këtë_asnjë_atë_kjo_kët_këtë_ndonjë_një_Çdo	asnjë	Besim
Kjo_Këtë_asnjë_atë_kjo_kët_këtë_ndonjë_një_Çdo	atë	Besim
Kjo_Këtë_asnjë_atë_kjo_kët_këtë_ndonjë_një_Çdo	kjo	Besim
Kjo_Këtë_asnjë_atë_kjo_kët_këtë_ndonjë_një_Çdo	kët	Besim
Kjo_Këtë_asnjë_atë_kjo_kët_këtë_ndonjë_një_Çdo	këtë	Besim
Kjo_Këtë_asnjë_atë_kjo_kët_këtë_ndonjë_një_Çdo	ndonjë	Besim
Kjo_Këtë_asnjë_atë_kjo_kët_këtë_ndonjë_një_Çdo	një	Besim
Kjo_Këtë_asnjë_atë_kjo_kët_këtë_ndonjë_një_Çdo	Çdo	Besim
(売国|売国奴)	売国	Tamara
(売国|売国奴)	売国奴	Tamara
#fujitv_#nhk_#ntv_MSN産経ニュース_NHK	#fujitv	Tamara
#fujitv_#nhk_#ntv_MSN産経ニュース_NHK	#nhk	Tamara
#fujitv_#nhk_#ntv_MSN産経ニュース_NHK	#ntv	Tamara
#fujitv_#nhk_#ntv_MSN産経ニュース_NHK	MSN産経ニュース	Tamara
#fujitv_#nhk_#ntv_MSN産経ニュース_NHK	NHK	Tamara
シナ_シナ人	シナ	Tamara
シナ_シナ人	シナ人	Tamara
一掃_処刑	一掃	Tamara
一掃_処刑	処刑	Tamara
中国_媚中_親中	中国	Tamara
中国_媚中_親中	媚中	Tamara
中国_媚中_親中	親中	Tamara
竹中_竹中平蔵	竹中	Tamara
竹中_竹中平蔵	竹中平蔵	Tamara
国葬_安倍_安倍政権_安倍晋三_安倍氏	国葬	Tamara
国葬_安倍_安倍政権_安倍晋三_安倍氏	安倍	Tamara
国葬_安倍_安倍政権_安倍晋三_安倍氏	安倍政権	Tamara
国葬_安倍_安倍政権_安倍晋三_安倍氏	安倍晋三	Tamara
国葬_安倍_安倍政権_安倍晋三_安倍氏	安倍氏	Tamara
打倒_破壊	打倒	Tamara
打倒_破壊	破壊	Tamara
反日	反日	Tamara
愛国_愛国者	愛国	Tamara
愛国_愛国者	愛国者	Tamara
反対_批判	反対	Tamara
反対_批判	批判	Tamara
二階_二階俊博	二階	Tamara
二階_二階俊博	二階俊博	Tamara
国葬_葬	国葬	Tamara
国葬_葬	葬	Tamara
#立憲民主党_立憲民主党	#立憲民主党	Tamara
#立憲民主党_立憲民主党	立憲民主党	Tamara
売国	#国賊	Tamara
売国	#売国	Tamara
売国	#売国奴	Tamara
売国	国賊	Tamara
売国	売国	Tamara
売国	売国奴	Tamara
中国_媚中_親中	中国	Tamara
中国_媚中_親中	媚中	Tamara
中国_媚中_親中	親中	Tamara
反日	反日	Tamara
愛国_愛国者	愛国	Tamara
愛国_愛国者	愛国者	Tamara
パヨク	パヨク	Tamara
非国民	非国民	Tamara
安倍_安倍晋三_竹中	安倍	Tamara
安倍_安倍晋三_竹中	安倍晋三	Tamara
安倍_安倍晋三_竹中	竹中	Tamara
国葬_葬	国葬	Tamara
国葬_葬	葬	Tamara
打倒_破壊	打倒	Tamara
打倒_破壊	破壊	Tamara
媚韓	媚韓	Tamara
反対_批判	反対	Tamara
反対_批判	批判	Tamara
#反日_反日_反日勢力	#反日	Tamara
#反日_反日_反日勢力	反日	Tamara
#反日_反日_反日勢力	反日勢力	Tamara
#反韓_#嫌韓_#朝鮮_朝鮮_朝鮮人_親韓_韓	#反韓	Tamara
#反韓_#嫌韓_#朝鮮_朝鮮_朝鮮人_親韓_韓	#嫌韓	Tamara
#反韓_#嫌韓_#朝鮮_朝鮮_朝鮮人_親韓_韓	#朝鮮	Tamara
#反韓_#嫌韓_#朝鮮_朝鮮_朝鮮人_親韓_韓	朝鮮	Tamara
#反韓_#嫌韓_#朝鮮_朝鮮_朝鮮人_親韓_韓	朝鮮人	Tamara
#反韓_#嫌韓_#朝鮮_朝鮮_朝鮮人_親韓_韓	親韓	Tamara
#反韓_#嫌韓_#朝鮮_朝鮮_朝鮮人_親韓_韓	韓	Tamara
#在日_在日	#在日	Tamara
#在日_在日	在日	Tamara
マスゴミ_偏向報道	マスゴミ	Tamara
マスゴミ_偏向報道	偏向報道	Tamara
#反韓_親韓	#反韓	Tamara
#反韓_親韓	親韓	Tamara
#特亜	#特亜	Tamara
サヨク_左翼	サヨク	Tamara
サヨク_左翼	左翼	Tamara
愛国	愛国	Tamara
支那	支那	Tamara
殲滅	殲滅	Tamara
非国民	非国民	Tamara
#民主党_民主党	#民主党	Tamara
#民主党_民主党	民主党	Tamara
Bewerberleistungsgesetz	Bewerberleistungsgesetz	admin
Leistung	Leistung	admin
Volksverräter	#Volksverräter	Tamara
Volksverräter	#Volksverrätern	Tamara
Volksverräter	Volksverräter	Tamara
Volksverräter	Volksverräterin	Tamara
Vertreter_Volksvertreter	Vertreter	Tamara
Vertreter_Volksvertreter	Volksvertreter	Tamara
Hochverrat_Verrat	Hochverrat	Tamara
Hochverrat_Verrat	Verrat	Tamara
Schaden_Vernichtung	Schaden	Tamara
Schaden_Vernichtung	Vernichtung	Tamara
Nation	Nation	Tamara
Volksverräter	Volksverräter	Tamara
二階_二階俊博	二階	Tamara
二階_二階俊博	二階俊博	Tamara
竹中_竹中平蔵	竹中	Tamara
竹中_竹中平蔵	竹中平蔵	Tamara
femi	#ツイフェミ	Tamara
femi	#フェミニズム	Tamara
femi	アンチフェミニズム	Tamara
femi	ツイフェミ	Tamara
femi	フェミ	Tamara
femi	フェミサイド	Tamara
femi	フェミナチ	Tamara
femi	フェミニスト	Tamara
femi	フェミニズム	Tamara
femi	フェミニン	Tamara
キモい_嫌い_嫌わ_悪い	キモい	Tamara
キモい_嫌い_嫌わ_悪い	嫌い	Tamara
キモい_嫌い_嫌わ_悪い	嫌わ	Tamara
キモい_嫌い_嫌わ_悪い	悪い	Tamara
ラディ_ラディカル_過激	ラディ	Tamara
ラディ_ラディカル_過激	ラディカル	Tamara
ラディ_ラディカル_過激	過激	Tamara
anije	anije	Besim
Gendergaga	#Gender-Ideologie	Tamara
Gendergaga	#Gender-Wahn	Tamara
Gendergaga	#Gendergaga	Tamara
Gendergaga	#Genderideologie	Tamara
Gendergaga	#Genderwahn	Tamara
Gendergaga	#genderwahnsinn	Tamara
Gendergaga	GENDER-GAGA	Tamara
Gendergaga	GENDERWAHN	Tamara
Gendergaga	GENDERWAHNSINN	Tamara
Gendergaga	Gender-Ideologie	Tamara
Gendergaga	Gender-Ideologien	Tamara
Gendergaga	Gender-Wahn	Tamara
Gendergaga	Gender-Wahnsinn	Tamara
Gendergaga	GenderGaGa	Tamara
Gendergaga	GenderGaga	Tamara
Gendergaga	Gendergaga	Tamara
Gendergaga	Genderideologie	Tamara
Gendergaga	Genderideologien	Tamara
Gendergaga	Genderwahn	Tamara
Gendergaga	Genderwahnes	Tamara
Gendergaga	Genderwahns	Tamara
Gendergaga	Genderwahnsinn	Tamara
Gendergaga	Genderwahnsinns	Tamara
Gendergaga	gender-gaga	Tamara
Gendergaga	gendergaga	Tamara
Gendergaga	genderideologie	Tamara
Gendergaga	genderwahn	Tamara
Gendergaga	genderwahnsinn	Tamara
#Gendergaga	#Gendergaga	Tamara
GEndergaga2	#Gendergaga	Tamara
GEndergaga2	#gendergaga	Tamara
GEndergaga2	Gendergaga	Tamara
GEndergaga2	Genderwahn	Tamara
angleze_ukrainase	angleze	Besim
angleze_ukrainase	ukrainase	Besim
mallrash_përpunohen_përpunuar_tragete	mallrash	Besim
mallrash_përpunohen_përpunuar_tragete	përpunohen	Besim
mallrash_përpunohen_përpunuar_tragete	përpunuar	Besim
mallrash_përpunohen_përpunuar_tragete	tragete	Besim
libra*	4	Besim
libër	3	Besim
Toxicity	クソ女	Tamara
Toxicity	ツイフェミ	Tamara
Toxicity	ババア	Tamara
Toxicity	喪女	Tamara
